Order Date,Sales,Profit,Region,Category,Sub-Category,Customer Name
2023-01-04,1487.15,343.54,Central,Technology,Phones,Toby Swindell
2023-11-02,365.77,43.67,South,Office Supplies,Supplies,Emily Burns
2025-06-26,291.37,78.8,West,Office Supplies,Supplies,Gary Hansen
2024-08-29,60.64,-12.91,Central,Furniture,Tables,Claire Gute
2025-09-18,115.53,44.5,Central,Technology,Copiers,Paul Prost
2023-11-17,131.24,37.53,South,Office Supplies,Paper,Claire Gute
2024-07-12,118.73,17.07,West,Office Supplies,Binders,Yoseph Carroll
2024-09-09,715.53,44.0,West,Furniture,Tables,Brosina Hoffman
2024-12-11,80.82,24.42,Central,Office Supplies,Paper,Eric Hoffmann
2024-06-14,89.64,27.28,East,Office Supplies,Fasteners,Sandra Flanagan
2024-02-14,210.25,77.8,Central,Technology,Phones,Gary Hansen
2025-03-28,18.66,3.78,Central,Furniture,Bookcases,Eric Hoffmann
2024-05-07,243.75,124.59,Central,Technology,Copiers,Claire Gute
2023-01-12,114.56,26.44,Central,Office Supplies,Fasteners,Toby Swindell
2023-07-14,1433.79,291.83,South,Technology,Machines,Stewart Rivera
2024-05-04,33.7,10.66,West,Office Supplies,Envelopes,Pete Kaisen
2025-03-05,123.74,37.39,South,Office Supplies,Supplies,Yoseph Carroll
2025-05-30,193.01,37.03,South,Office Supplies,Storage,Georgia Nippi
2023-07-01,93.22,-12.53,South,Furniture,Furnishings,Alejandro Grove
2025-08-19,9.12,2.2,Central,Office Supplies,Appliances,Claire Gute
2024-10-17,331.19,38.98,East,Technology,Phones,Pete Kaisen
2024-11-24,57.74,18.93,West,Office Supplies,Envelopes,Toby Swindell
2023-01-30,1912.42,834.91,East,Technology,Machines,Albert Patina
2025-02-16,80.75,-5.99,South,Furniture,Chairs,Gary Hansen
2024-03-19,163.54,41.36,South,Office Supplies,Storage,Georgia Nippi
2023-10-25,13.12,1.74,East,Technology,Accessories,Albert Patina
2025-03-18,355.64,126.37,East,Technology,Machines,Linda Cazzolari
2025-04-24,126.11,19.44,East,Office Supplies,Supplies,John Lee
2025-10-12,58.06,14.77,South,Office Supplies,Storage,Toby Swindell
2024-07-07,96.07,15.55,South,Office Supplies,Appliances,Toby Swindell
2023-10-30,31.79,2.98,West,Office Supplies,Labels,Ken Black
2024-02-25,222.15,2.76,West,Furniture,Bookcases,Arthur Prichep
2023-07-04,756.26,105.45,South,Technology,Machines,Maria Etezadi
2024-04-12,310.82,-28.1,East,Furniture,Tables,Linda Cazzolari
2025-01-23,2285.1,261.26,East,Technology,Machines,Ken Black
2023-12-29,153.49,31.96,West,Office Supplies,Envelopes,Georgia Nippi
2023-12-02,91.61,28.94,South,Office Supplies,Storage,Irene Maddox
2023-06-11,10.93,2.02,West,Furniture,Furnishings,Maria Etezadi
2023-01-12,773.2,36.54,West,Furniture,Tables,Linda Cazzolari
2024-08-10,222.08,72.53,Central,Office Supplies,Binders,Brosina Hoffman
2023-07-20,214.51,29.3,Central,Technology,Machines,Ken Black
2024-06-05,251.58,22.3,Central,Office Supplies,Binders,Maria Etezadi
2024-05-19,152.98,11.14,East,Furniture,Bookcases,Linda Cazzolari
2025-02-26,265.37,84.44,South,Office Supplies,Labels,Ken Black
2025-11-28,45.55,20.09,South,Technology,Phones,John Lee
2023-03-01,306.69,19.59,South,Office Supplies,Paper,Claire Gute
2024-07-31,108.73,17.04,South,Office Supplies,Fasteners,Linda Cazzolari
2023-11-17,57.76,6.58,Central,Office Supplies,Labels,Paul Prost
2025-07-11,51.21,14.17,East,Office Supplies,Envelopes,Linda Cazzolari
2024-07-22,89.85,21.75,East,Office Supplies,Envelopes,Lena Creighton
2024-06-10,1048.78,90.16,Central,Office Supplies,Envelopes,Joel Eaton
2024-06-07,102.52,27.6,East,Technology,Phones,Nick Crecia
2024-09-04,21.34,5.46,Central,Office Supplies,Binders,Toby Swindell
2023-05-05,136.93,38.85,South,Office Supplies,Paper,Brosina Hoffman
2025-05-20,340.48,-48.34,Central,Furniture,Chairs,Gary Hansen
2023-10-07,116.41,36.92,South,Office Supplies,Envelopes,Toby Swindell
2025-07-05,169.91,37.51,South,Office Supplies,Fasteners,John Lee
2024-09-13,51.62,15.15,West,Office Supplies,Storage,Lena Creighton
2025-04-25,1812.98,24.61,Central,Furniture,Tables,Maria Etezadi
2024-11-04,90.82,15.12,West,Technology,Accessories,Valerie Mitchum
2023-11-10,25.73,2.14,Central,Office Supplies,Paper,Albert Patina
2023-11-28,208.39,55.51,Central,Office Supplies,Supplies,Joel Eaton
2023-02-05,377.37,58.4,West,Technology,Phones,Alejandro Grove
2025-11-11,61.91,18.88,West,Office Supplies,Paper,Valerie Mitchum
2023-07-25,150.74,40.38,Central,Office Supplies,Storage,Emily Burns
2024-09-30,303.28,8.74,East,Furniture,Tables,Arthur Prichep
2025-04-27,93.27,13.03,South,Office Supplies,Storage,Arthur Prichep
2024-03-15,1225.51,-254.33,West,Furniture,Tables,Claire Gute
2024-12-29,84.53,28.31,South,Technology,Phones,Toby Swindell
2025-07-29,332.42,-111.64,East,Furniture,Tables,Joel Eaton
2023-06-13,263.17,70.52,East,Office Supplies,Fasteners,Alejandro Grove
2023-05-28,813.16,319.18,East,Technology,Phones,Albert Patina
2023-10-21,183.54,2.95,West,Furniture,Chairs,Emily Burns
2023-07-14,335.11,52.26,East,Furniture,Chairs,Yoseph Carroll
2024-10-24,132.36,-10.61,West,Furniture,Furnishings,Ryan Crowe
2024-04-24,409.01,59.99,East,Office Supplies,Paper,Yoseph Carroll
2023-05-03,298.01,71.44,South,Furniture,Furnishings,Alejandro Grove
2024-11-29,108.19,26.46,South,Furniture,Chairs,Emily Burns
2025-08-22,91.11,18.57,Central,Office Supplies,Fasteners,Ken Black
2024-10-22,153.0,34.23,South,Furniture,Bookcases,Tracy Blumstein
2024-12-10,758.79,214.7,Central,Technology,Machines,Toby Swindell
2024-01-31,1078.32,-235.92,South,Furniture,Tables,Yoseph Carroll
2025-06-30,276.55,53.49,West,Technology,Phones,Yoseph Carroll
2025-10-01,952.99,405.33,South,Technology,Accessories,Pete Kaisen
2023-11-13,62.34,-5.05,Central,Furniture,Bookcases,Emily Burns
2024-11-11,88.72,7.26,Central,Furniture,Chairs,Georgia Nippi
2024-05-09,83.61,18.11,East,Office Supplies,Art,Gary Hansen
2024-07-09,231.51,33.77,West,Furniture,Chairs,Brosina Hoffman
2024-09-01,8.28,1.65,South,Office Supplies,Envelopes,Lena Creighton
2023-04-19,19.44,2.56,East,Office Supplies,Supplies,John Lee
2024-01-07,401.11,63.89,South,Technology,Phones,Tracy Blumstein
2025-05-04,322.2,76.12,South,Office Supplies,Fasteners,Paul Prost
2024-09-07,413.2,145.3,East,Technology,Phones,Joel Eaton
2025-02-06,121.22,26.77,East,Office Supplies,Paper,Sandra Flanagan
2023-07-25,159.87,57.3,East,Technology,Phones,Stewart Rivera
2025-04-26,561.2,-52.41,East,Furniture,Chairs,Yoseph Carroll
2023-02-12,723.73,295.91,East,Technology,Machines,Albert Patina
2025-05-14,138.14,31.04,South,Office Supplies,Art,Pete Kaisen
2025-02-23,136.15,-13.51,East,Furniture,Bookcases,Sandra Flanagan
2024-04-20,20.31,3.83,West,Office Supplies,Labels,Alejandro Grove
2023-03-24,91.02,47.24,Central,Technology,Copiers,Harold Ryan
2023-07-09,139.73,44.61,East,Office Supplies,Supplies,Ryan Crowe
2025-03-10,803.31,323.68,East,Technology,Copiers,Gary Hansen
2025-07-24,298.14,78.52,South,Office Supplies,Storage,Joel Eaton
2023-09-08,299.95,110.98,East,Technology,Copiers,Sandra Flanagan
2023-10-18,827.88,92.51,East,Technology,Phones,Andrew Allen
2023-11-22,1913.37,884.13,East,Technology,Copiers,Gary Hansen
2025-04-16,53.27,6.81,South,Furniture,Furnishings,Valerie Mitchum
2024-05-22,81.11,23.42,East,Office Supplies,Paper,Bobby Osgood
2024-12-31,2516.1,551.22,Central,Technology,Machines,Joel Eaton
2023-03-13,66.93,3.48,South,Office Supplies,Storage,Linda Cazzolari
2024-10-02,1965.03,-263.74,Central,Furniture,Tables,Georgia Nippi
2025-07-28,4389.21,-1504.91,South,Furniture,Tables,Stewart Rivera
2024-08-30,1271.38,-392.36,East,Furniture,Tables,Pete Kaisen
2024-07-19,1036.53,-20.03,Central,Furniture,Chairs,Georgia Nippi
2023-02-23,212.67,38.53,South,Office Supplies,Art,Georgia Nippi
2024-06-11,349.26,69.09,West,Technology,Phones,Alejandro Grove
2024-09-02,438.84,133.26,East,Technology,Machines,Gary Hansen
2023-07-12,13.82,0.92,South,Office Supplies,Paper,Bobby Osgood
2023-02-27,68.02,6.35,West,Office Supplies,Labels,Toby Swindell
2023-05-09,735.74,-27.32,South,Furniture,Tables,Nick Crecia
2024-12-06,21.23,3.18,West,Technology,Accessories,Eric Hoffmann
2025-05-01,6.8,1.65,East,Office Supplies,Art,Toby Swindell
2023-01-08,164.15,-53.41,Central,Furniture,Tables,Brosina Hoffman
2023-01-29,535.41,129.88,West,Technology,Phones,Yoseph Carroll
2025-08-04,1686.01,649.93,South,Technology,Copiers,Brosina Hoffman
2023-05-11,616.75,51.12,East,Office Supplies,Labels,Alejandro Grove
2023-07-07,107.18,23.59,West,Office Supplies,Labels,Tracy Blumstein
2024-12-09,1189.0,505.23,South,Technology,Phones,Sandra Flanagan
2023-07-31,696.1,251.26,South,Technology,Copiers,Nick Crecia
2023-10-03,703.91,174.25,South,Technology,Machines,Zusha Benson
2023-08-31,132.56,34.77,West,Office Supplies,Binders,Paul Prost
2025-09-13,27.14,7.11,West,Technology,Accessories,Andrew Allen
2024-11-15,421.28,161.04,West,Technology,Accessories,Nick Crecia
2023-06-20,70.06,7.28,Central,Office Supplies,Appliances,Valerie Mitchum
2024-10-14,93.63,40.81,West,Technology,Accessories,Bobby Osgood
2023-07-07,172.06,28.48,West,Office Supplies,Paper,Lena Creighton
2023-02-21,456.69,191.04,West,Technology,Copiers,Maria Etezadi
2023-04-21,341.89,138.85,Central,Technology,Machines,Lena Creighton
2025-05-26,154.56,45.96,West,Technology,Accessories,Nick Crecia
2025-12-02,8.8,1.8,South,Office Supplies,Art,Paul Prost
2023-07-30,196.33,52.63,West,Office Supplies,Storage,Lena Creighton
2025-05-07,113.24,25.36,South,Office Supplies,Fasteners,Pete Kaisen
2024-09-18,531.82,-147.24,South,Furniture,Tables,Paul Prost
2025-11-15,154.9,39.07,South,Office Supplies,Paper,Linda Cazzolari
2023-10-26,307.24,45.08,Central,Technology,Phones,Emily Burns
2025-07-12,972.25,371.45,Central,Technology,Machines,Valerie Mitchum
2023-05-17,177.7,61.65,Central,Office Supplies,Storage,Valerie Mitchum
2025-11-09,969.6,412.54,West,Technology,Copiers,Pete Kaisen
2024-03-15,533.85,136.49,South,Technology,Phones,Toby Swindell
2023-07-30,1355.41,486.98,Central,Technology,Copiers,Arthur Prichep
2025-01-21,36.51,3.83,Central,Technology,Accessories,Gary Hansen
2024-03-10,435.58,232.72,West,Technology,Copiers,Albert Patina
2025-02-18,447.89,39.68,Central,Office Supplies,Supplies,Joel Eaton
2024-03-14,80.77,2.29,West,Furniture,Furnishings,Andrew Allen
2024-10-27,25.01,7.37,East,Office Supplies,Binders,Sandra Flanagan
2025-12-01,116.81,37.0,Central,Office Supplies,Storage,Emily Burns
2024-02-15,83.3,4.81,East,Furniture,Bookcases,Maria Etezadi
2025-03-16,102.89,30.64,West,Technology,Phones,Maria Etezadi
2024-09-01,963.23,113.54,South,Furniture,Furnishings,Irene Maddox
2024-03-02,121.92,41.26,Central,Office Supplies,Binders,Albert Patina
2025-06-20,318.59,149.91,West,Technology,Copiers,Georgia Nippi
2025-07-30,793.14,172.78,South,Office Supplies,Envelopes,Paul Prost
2025-01-11,1291.86,-186.27,South,Furniture,Chairs,Ken Black
2023-11-24,92.17,6.85,East,Office Supplies,Supplies,Maria Etezadi
2023-02-21,133.17,10.77,West,Furniture,Bookcases,Bobby Osgood
2024-01-11,856.31,366.23,South,Technology,Machines,Linda Cazzolari
2023-09-20,193.62,60.02,Central,Office Supplies,Storage,Brosina Hoffman
2023-09-24,179.2,61.78,Central,Office Supplies,Appliances,Irene Maddox
2023-12-25,340.4,96.93,East,Technology,Accessories,Yoseph Carroll
2024-10-13,180.4,51.66,South,Office Supplies,Art,Ryan Crowe
2023-02-15,55.07,10.25,West,Furniture,Furnishings,Toby Swindell
2024-08-22,182.56,44.62,Central,Office Supplies,Envelopes,Nick Crecia
2024-12-20,59.75,9.06,South,Office Supplies,Storage,Ken Black
2024-08-23,965.9,-133.79,South,Furniture,Tables,Valerie Mitchum
2024-01-16,150.04,60.06,East,Technology,Accessories,Emily Burns
2023-04-28,88.55,18.11,Central,Technology,Machines,Valerie Mitchum
2023-04-26,112.87,24.77,Central,Furniture,Furnishings,Harold Ryan
2023-09-17,68.08,8.1,West,Office Supplies,Paper,Toby Swindell
2023-11-01,199.73,72.37,Central,Technology,Phones,Maria Etezadi
2023-01-07,143.29,45.95,West,Technology,Accessories,Linda Cazzolari
2024-01-01,63.36,17.42,Central,Office Supplies,Storage,Albert Patina
2024-06-06,230.02,41.68,East,Office Supplies,Paper,Zusha Benson
2024-03-04,42.04,9.38,Central,Furniture,Bookcases,Brosina Hoffman
2025-03-01,391.52,125.82,West,Technology,Phones,John Lee
2025-01-16,1252.29,510.51,West,Technology,Copiers,Maria Etezadi
2024-01-02,172.59,55.83,East,Technology,Accessories,Andrew Allen
2023-11-09,108.14,14.71,Central,Office Supplies,Art,Eric Hoffmann
2024-06-21,958.71,194.4,Central,Technology,Phones,Irene Maddox
2025-07-09,58.49,9.94,East,Office Supplies,Paper,John Lee
2025-12-13,60.24,31.35,Central,Technology,Copiers,Alejandro Grove
2025-05-14,89.84,17.98,Central,Office Supplies,Supplies,Paul Prost
2025-02-20,10.04,2.55,West,Office Supplies,Labels,Eric Hoffmann
2023-11-30,466.66,78.21,Central,Office Supplies,Fasteners,Ryan Crowe
2025-03-08,113.14,21.75,Central,Technology,Phones,Eric Hoffmann
2023-12-14,238.33,103.46,East,Technology,Accessories,Toby Swindell
2023-09-30,700.71,218.1,East,Technology,Machines,Georgia Nippi
2025-08-20,41.83,13.81,South,Office Supplies,Art,Lena Creighton
2024-12-20,150.62,16.72,West,Office Supplies,Envelopes,Alejandro Grove
2024-05-14,12.39,1.17,Central,Office Supplies,Binders,Albert Patina
2024-11-15,104.12,31.94,Central,Office Supplies,Appliances,Sandra Flanagan
2023-03-20,7.21,1.83,South,Office Supplies,Storage,Sandra Flanagan
2024-09-13,597.8,98.82,Central,Technology,Phones,Nick Crecia
2025-08-04,564.99,73.91,West,Office Supplies,Labels,Joel Eaton
2023-12-24,167.95,28.6,South,Furniture,Chairs,Sandra Flanagan
2024-09-09,82.14,2.59,West,Furniture,Chairs,Georgia Nippi
2024-05-21,215.19,25.44,South,Furniture,Furnishings,Nick Crecia
2024-07-29,48.83,10.32,South,Technology,Accessories,Pete Kaisen
2023-09-01,343.18,80.11,East,Technology,Accessories,Paul Prost
2024-05-20,132.97,46.17,West,Office Supplies,Binders,Paul Prost
2024-02-26,490.54,91.57,Central,Technology,Machines,Ryan Crowe
2023-08-05,273.19,55.17,Central,Office Supplies,Storage,Eric Hoffmann
2025-10-05,352.2,182.75,West,Technology,Copiers,Ryan Crowe
2023-11-26,2806.08,-680.05,Central,Furniture,Tables,Lena Creighton
2024-10-11,2946.57,722.87,Central,Technology,Machines,Gary Hansen
2024-01-26,94.05,9.03,West,Furniture,Bookcases,Albert Patina
2024-01-16,5.35,1.04,South,Office Supplies,Supplies,Linda Cazzolari
2025-01-11,1901.99,840.49,West,Technology,Copiers,Maria Etezadi
2025-03-30,359.89,57.13,South,Office Supplies,Labels,Pete Kaisen
2024-11-03,58.14,-5.0,Central,Furniture,Tables,Stewart Rivera
2024-05-27,273.49,64.9,Central,Office Supplies,Supplies,Ryan Crowe
2025-08-06,96.82,23.82,Central,Office Supplies,Envelopes,Yoseph Carroll
2025-07-18,49.96,3.55,East,Office Supplies,Appliances,Maria Etezadi
2025-07-01,1618.37,519.27,South,Technology,Machines,Zusha Benson
2024-10-05,100.3,43.49,East,Technology,Phones,Stewart Rivera
2024-03-02,2003.94,579.83,East,Technology,Machines,Paul Prost
2024-05-16,39.53,10.46,West,Office Supplies,Labels,Linda Cazzolari
2024-12-30,147.66,43.54,East,Technology,Accessories,Paul Prost
2023-03-12,135.65,4.7,West,Furniture,Tables,Harold Ryan
2024-04-22,123.34,40.56,West,Office Supplies,Art,Joel Eaton
2024-04-01,528.98,-40.37,East,Furniture,Bookcases,Gary Hansen
2023-07-08,36.65,6.64,South,Office Supplies,Appliances,Brosina Hoffman
2023-10-18,324.24,76.95,South,Technology,Phones,Harold Ryan
2025-07-08,441.35,106.73,South,Technology,Machines,Brosina Hoffman
2023-10-19,16.05,1.41,South,Office Supplies,Paper,Paul Prost
2025-01-25,415.99,72.98,South,Furniture,Chairs,Toby Swindell
2024-01-12,66.35,4.03,East,Office Supplies,Appliances,Claire Gute
2024-05-22,531.01,32.55,East,Furniture,Bookcases,Paul Prost
2024-06-11,306.94,101.8,Central,Technology,Phones,Georgia Nippi
2024-07-12,113.0,12.68,South,Office Supplies,Binders,Valerie Mitchum
2025-11-20,22.01,7.08,East,Office Supplies,Storage,John Lee
2023-09-17,87.61,26.42,Central,Office Supplies,Paper,Maria Etezadi
2024-02-25,323.14,85.59,South,Technology,Phones,Tracy Blumstein
2023-10-31,203.44,35.27,West,Office Supplies,Envelopes,Georgia Nippi
2025-07-30,1472.74,-358.68,Central,Furniture,Tables,Nick Crecia
2025-11-28,197.96,70.37,East,Technology,Phones,Andrew Allen
2024-06-25,18.62,1.67,West,Office Supplies,Fasteners,Ken Black
2025-12-25,45.54,15.4,West,Technology,Accessories,Alejandro Grove
2023-04-18,32.04,9.7,West,Office Supplies,Appliances,Eric Hoffmann
2023-09-25,113.54,-28.07,Central,Furniture,Tables,Ken Black
2023-08-10,337.37,136.04,East,Technology,Machines,John Lee
2024-11-23,44.09,-6.03,West,Furniture,Furnishings,Gary Hansen
2023-09-12,41.94,13.58,South,Office Supplies,Paper,Gary Hansen
2023-09-10,13.44,1.15,West,Office Supplies,Appliances,Andrew Allen
2023-09-14,7.67,1.87,West,Office Supplies,Paper,Zusha Benson
2024-01-18,21.27,2.66,Central,Office Supplies,Binders,Zusha Benson
2024-03-17,33.35,10.04,Central,Office Supplies,Art,Harold Ryan
2024-08-21,89.58,18.25,East,Office Supplies,Fasteners,Arthur Prichep
2024-01-25,806.64,118.85,South,Technology,Machines,Bobby Osgood
2024-08-04,86.94,6.82,Central,Furniture,Bookcases,Maria Etezadi
2025-12-03,384.98,166.15,West,Technology,Copiers,Irene Maddox
2024-08-20,67.73,16.83,East,Office Supplies,Appliances,Bobby Osgood
2023-01-19,35.4,11.14,West,Office Supplies,Envelopes,Ryan Crowe
2024-08-29,47.26,20.41,West,Technology,Copiers,Claire Gute
2023-02-02,99.39,13.61,Central,Office Supplies,Storage,Valerie Mitchum
2025-05-11,178.59,9.71,East,Office Supplies,Binders,Sandra Flanagan
2023-06-04,43.48,13.1,South,Technology,Accessories,Claire Gute
2025-06-23,26.2,4.47,South,Office Supplies,Art,Irene Maddox
2024-02-09,332.11,53.93,Central,Office Supplies,Art,Alejandro Grove
2025-04-23,53.24,8.73,Central,Technology,Accessories,Harold Ryan
2025-01-16,42.97,7.69,East,Office Supplies,Art,Toby Swindell
2023-09-28,296.84,131.96,South,Technology,Accessories,John Lee
2025-02-08,259.83,36.2,South,Office Supplies,Art,Brosina Hoffman
2023-06-21,94.23,21.66,South,Office Supplies,Storage,Gary Hansen
2023-10-01,105.78,29.93,West,Office Supplies,Labels,Irene Maddox
2023-09-16,41.84,6.26,South,Furniture,Furnishings,Valerie Mitchum
2024-02-26,17.23,2.56,West,Office Supplies,Appliances,Arthur Prichep
2023-12-30,132.8,30.98,East,Office Supplies,Binders,Tracy Blumstein
2024-01-13,94.59,3.98,West,Furniture,Tables,Stewart Rivera
2024-08-02,94.48,5.16,East,Office Supplies,Supplies,Albert Patina
2025-06-09,1711.15,432.08,South,Technology,Phones,Harold Ryan
2024-12-22,463.11,54.31,South,Office Supplies,Appliances,Joel Eaton
2025-05-30,183.69,43.35,East,Technology,Phones,Arthur Prichep
2024-08-27,300.21,73.73,Central,Technology,Phones,Tracy Blumstein
2023-01-22,462.71,167.19,East,Technology,Machines,Nick Crecia
2024-01-18,317.74,24.83,Central,Office Supplies,Envelopes,Arthur Prichep
2023-05-14,285.09,-34.02,West,Furniture,Tables,Sandra Flanagan
2025-11-14,5.56,1.22,West,Office Supplies,Art,Toby Swindell
2024-05-17,99.9,27.27,West,Technology,Phones,Ken Black
2023-05-24,196.02,27.98,South,Furniture,Chairs,Sandra Flanagan
2023-08-12,242.9,0.85,West,Furniture,Chairs,Georgia Nippi
2023-08-08,240.07,80.06,Central,Office Supplies,Binders,Harold Ryan
2023-06-28,583.15,24.91,West,Furniture,Chairs,Stewart Rivera
2024-03-08,58.41,12.93,East,Office Supplies,Envelopes,Pete Kaisen
2023-09-22,96.8,28.81,East,Office Supplies,Art,Sandra Flanagan
2025-08-11,20.07,2.66,South,Office Supplies,Labels,Lena Creighton
2024-03-04,1411.47,515.24,East,Technology,Copiers,Claire Gute
2024-02-20,1466.56,720.9,Central,Technology,Copiers,Alejandro Grove
2024-12-27,590.34,115.06,West,Office Supplies,Binders,Toby Swindell
2023-07-16,1992.98,824.65,South,Technology,Machines,Harold Ryan
2025-12-12,33.67,11.61,West,Office Supplies,Storage,Albert Patina
2024-04-24,12.09,0.12,West,Furniture,Furnishings,Nick Crecia
2025-06-08,134.98,23.57,Central,Office Supplies,Paper,Bobby Osgood
2025-07-13,370.6,63.89,East,Office Supplies,Art,Ryan Crowe
2023-05-03,34.28,5.05,East,Office Supplies,Art,Lena Creighton
2025-02-16,22.98,0.04,West,Furniture,Tables,Toby Swindell
2023-12-14,250.6,69.59,South,Office Supplies,Labels,Nick Crecia
2023-01-29,117.85,-15.86,East,Furniture,Tables,Toby Swindell
2025-09-01,193.8,-25.61,South,Furniture,Bookcases,Eric Hoffmann
2023-02-04,175.39,25.06,East,Office Supplies,Paper,Brosina Hoffman
2024-09-14,45.53,6.27,South,Office Supplies,Fasteners,Georgia Nippi
2024-08-11,18.15,5.32,Central,Office Supplies,Storage,Nick Crecia
2025-12-26,225.47,17.2,South,Office Supplies,Binders,Brosina Hoffman
2025-06-22,357.34,61.56,Central,Furniture,Bookcases,Gary Hansen
2024-06-03,2060.49,-100.69,Central,Furniture,Tables,Albert Patina
2023-05-02,68.31,18.43,South,Office Supplies,Storage,Toby Swindell
2023-12-06,47.37,11.9,Central,Technology,Phones,Georgia Nippi
2023-06-24,363.48,122.82,West,Technology,Phones,Linda Cazzolari
2024-08-19,396.89,37.15,Central,Furniture,Bookcases,Brosina Hoffman
2024-03-26,223.66,82.56,East,Technology,Machines,Bobby Osgood
2024-07-10,233.3,59.81,South,Technology,Accessories,Lena Creighton
2025-11-05,271.16,71.99,West,Technology,Machines,Nick Crecia
2023-01-09,50.3,16.36,South,Technology,Accessories,John Lee
2023-11-30,57.91,7.98,East,Technology,Phones,Yoseph Carroll
2025-10-13,81.48,14.74,East,Office Supplies,Fasteners,Alejandro Grove
2023-11-23,86.43,20.64,East,Furniture,Furnishings,Lena Creighton
2023-01-15,193.48,-26.12,Central,Furniture,Bookcases,Paul Prost
2025-04-18,190.15,27.53,Central,Office Supplies,Art,Valerie Mitchum
2023-08-14,2457.01,1014.31,South,Technology,Copiers,Albert Patina
2023-04-23,27.23,6.54,South,Office Supplies,Art,John Lee
2023-01-01,13.38,1.09,West,Office Supplies,Fasteners,Brosina Hoffman
2023-09-23,26.14,8.36,West,Technology,Machines,Alejandro Grove
2025-08-09,76.2,-8.53,South,Furniture,Chairs,Harold Ryan
2023-11-02,165.92,13.02,Central,Office Supplies,Paper,Tracy Blumstein
2023-01-12,200.0,53.69,East,Office Supplies,Art,Arthur Prichep
2025-07-25,913.77,-186.54,South,Furniture,Tables,Stewart Rivera
2024-02-24,46.9,16.1,West,Office Supplies,Envelopes,Linda Cazzolari
2025-06-07,404.14,144.47,Central,Technology,Copiers,Andrew Allen
2023-06-20,104.0,19.09,South,Office Supplies,Art,Zusha Benson
2023-05-14,14.79,2.06,South,Technology,Accessories,Gary Hansen
2025-08-22,146.68,22.8,Central,Office Supplies,Envelopes,Lena Creighton
2025-11-14,622.81,217.65,South,Office Supplies,Envelopes,Maria Etezadi
2024-10-19,72.13,22.84,Central,Office Supplies,Art,Brosina Hoffman
2023-06-28,214.66,-28.05,East,Furniture,Furnishings,Brosina Hoffman
2025-12-15,823.68,381.08,Central,Technology,Copiers,Albert Patina
2023-04-21,147.22,70.6,Central,Technology,Copiers,Irene Maddox
2023-05-17,766.04,132.78,Central,Technology,Machines,John Lee
2023-08-20,199.39,30.07,South,Technology,Phones,Toby Swindell
2025-09-18,10.25,3.29,South,Office Supplies,Paper,Eric Hoffmann
2024-04-12,472.41,40.61,Central,Furniture,Tables,Yoseph Carroll
2025-01-01,2267.36,1013.88,South,Technology,Machines,Joel Eaton
2024-04-25,68.42,19.63,West,Office Supplies,Supplies,Andrew Allen
2025-12-27,79.22,19.73,West,Office Supplies,Envelopes,Toby Swindell
2025-03-24,337.49,51.88,South,Office Supplies,Paper,Toby Swindell
2025-09-20,256.99,26.06,South,Office Supplies,Storage,Yoseph Carroll
2023-11-19,770.6,281.88,Central,Technology,Copiers,Lena Creighton
2025-07-10,47.91,6.1,East,Furniture,Furnishings,Pete Kaisen
2025-06-22,366.55,104.62,South,Office Supplies,Appliances,Eric Hoffmann
2024-08-28,30.16,8.99,West,Office Supplies,Envelopes,Toby Swindell
2024-03-04,1210.54,644.92,Central,Technology,Copiers,Lena Creighton
2023-05-28,9.38,2.95,South,Office Supplies,Labels,Joel Eaton
2025-04-29,159.81,71.9,West,Technology,Accessories,Bobby Osgood
2024-01-02,358.66,66.5,West,Technology,Machines,Albert Patina
2025-04-29,94.59,14.69,East,Furniture,Furnishings,Yoseph Carroll
2025-12-25,68.53,15.48,Central,Office Supplies,Paper,Zusha Benson
2025-03-23,33.45,4.29,Central,Office Supplies,Fasteners,Arthur Prichep
2023-06-24,1037.02,566.61,East,Technology,Copiers,Lena Creighton
2024-08-10,325.53,103.96,East,Office Supplies,Supplies,Tracy Blumstein
2024-05-09,3042.75,1143.17,Central,Technology,Copiers,Pete Kaisen
2025-08-30,37.04,4.04,Central,Technology,Accessories,Zusha Benson
2023-02-04,194.54,49.9,South,Office Supplies,Paper,Valerie Mitchum
2025-09-25,168.75,39.02,South,Office Supplies,Storage,Irene Maddox
2024-06-21,68.1,22.52,East,Office Supplies,Art,Nick Crecia
2025-01-19,7.89,0.95,South,Office Supplies,Binders,Irene Maddox
2025-11-03,180.58,13.6,West,Office Supplies,Storage,Yoseph Carroll
2024-01-09,441.42,56.4,South,Office Supplies,Appliances,John Lee
2024-07-10,830.54,293.83,South,Technology,Copiers,Ryan Crowe
2023-08-21,265.72,-36.04,West,Furniture,Chairs,Stewart Rivera
2024-12-05,188.61,40.73,East,Furniture,Bookcases,Andrew Allen
2024-07-16,235.01,52.46,West,Technology,Machines,Alejandro Grove
2025-07-27,213.27,36.95,South,Office Supplies,Supplies,Linda Cazzolari
2025-06-05,1292.38,-441.65,East,Furniture,Tables,Eric Hoffmann
2024-12-26,213.16,41.5,South,Technology,Machines,Bobby Osgood
2023-03-17,886.0,338.15,West,Technology,Phones,Harold Ryan
2024-03-14,52.04,12.21,West,Office Supplies,Paper,Joel Eaton
2024-11-29,1032.23,375.55,South,Technology,Phones,Tracy Blumstein
2025-07-03,77.41,14.26,Central,Office Supplies,Paper,Lena Creighton
2025-06-09,77.89,-2.03,Central,Furniture,Chairs,Lena Creighton
2024-11-22,439.56,-58.35,West,Furniture,Tables,Toby Swindell
2023-09-10,92.02,13.52,West,Office Supplies,Fasteners,Stewart Rivera
2025-11-26,15.77,4.76,Central,Office Supplies,Storage,Nick Crecia
2024-02-14,282.18,-8.73,Central,Furniture,Bookcases,Zusha Benson
2023-05-07,141.56,35.1,South,Office Supplies,Envelopes,Alejandro Grove
2024-08-14,206.45,18.81,South,Office Supplies,Storage,Stewart Rivera
2023-10-21,41.56,20.26,Central,Technology,Copiers,Arthur Prichep
2025-10-16,121.88,39.49,South,Office Supplies,Art,Zusha Benson
2023-11-06,13.15,3.06,South,Office Supplies,Labels,Lena Creighton
2024-10-23,186.17,40.58,East,Office Supplies,Binders,John Lee
2024-06-11,13.6,4.6,South,Office Supplies,Envelopes,Ryan Crowe
2024-06-23,369.1,87.93,West,Office Supplies,Envelopes,Irene Maddox
2024-02-23,186.64,23.86,South,Office Supplies,Storage,Zusha Benson
2024-03-19,111.21,15.32,South,Office Supplies,Envelopes,Emily Burns
2024-11-15,92.38,24.17,Central,Office Supplies,Art,Nick Crecia
2025-04-19,26.01,7.04,West,Office Supplies,Binders,Joel Eaton
2023-08-24,56.58,7.98,South,Office Supplies,Supplies,Emily Burns
2023-08-02,309.84,47.59,South,Office Supplies,Fasteners,Alejandro Grove
2023-03-26,2537.1,1390.87,East,Technology,Copiers,Eric Hoffmann
2025-03-04,5.11,0.41,South,Office Supplies,Fasteners,Alejandro Grove
2023-03-26,140.26,24.04,South,Office Supplies,Supplies,Yoseph Carroll
2023-03-06,195.57,23.83,East,Technology,Accessories,Claire Gute
2024-10-24,149.64,44.34,Central,Office Supplies,Storage,Ken Black
2024-09-18,105.29,38.8,South,Technology,Copiers,Andrew Allen
2023-03-05,41.83,5.0,East,Furniture,Furnishings,Claire Gute
2025-07-27,48.22,3.23,West,Office Supplies,Fasteners,Gary Hansen
2025-07-07,272.32,91.36,Central,Technology,Accessories,Sandra Flanagan
2024-05-05,98.32,29.78,West,Office Supplies,Paper,Ryan Crowe
2023-11-09,105.07,17.82,West,Office Supplies,Fasteners,Alejandro Grove
2024-09-06,1149.43,67.64,East,Furniture,Bookcases,Alejandro Grove
2025-07-07,157.04,37.77,South,Technology,Accessories,Stewart Rivera
2025-03-23,1599.95,656.14,East,Technology,Copiers,Gary Hansen
2025-07-28,96.46,28.07,East,Office Supplies,Storage,Linda Cazzolari
2024-11-10,29.28,3.85,East,Office Supplies,Paper,Toby Swindell
2024-03-10,403.75,107.75,East,Office Supplies,Appliances,Tracy Blumstein
2024-11-12,322.98,55.61,Central,Technology,Phones,Tracy Blumstein
2025-12-09,35.07,4.38,South,Office Supplies,Art,Stewart Rivera
2023-12-06,130.97,-2.02,West,Furniture,Chairs,Bobby Osgood
2023-12-13,12.82,2.91,West,Office Supplies,Art,Stewart Rivera
2024-10-07,333.44,86.38,South,Technology,Phones,Albert Patina
2024-10-10,292.73,80.07,West,Office Supplies,Fasteners,Claire Gute
2023-09-02,1379.62,-350.28,South,Furniture,Tables,Zusha Benson
2023-04-19,409.57,21.79,West,Office Supplies,Art,Nick Crecia
2024-06-16,183.57,-0.1,East,Furniture,Tables,Lena Creighton
2023-10-23,77.2,22.89,West,Office Supplies,Supplies,Gary Hansen
2023-04-22,9.3,0.63,South,Office Supplies,Paper,Ryan Crowe
2023-12-09,1620.89,508.66,South,Technology,Machines,Sandra Flanagan
2023-04-11,71.65,11.71,South,Office Supplies,Storage,Alejandro Grove
2024-09-20,154.59,44.55,South,Office Supplies,Binders,Bobby Osgood
2023-01-28,1003.39,526.66,South,Technology,Copiers,Paul Prost
2025-07-25,540.58,17.81,Central,Furniture,Tables,Harold Ryan
2023-02-27,59.89,16.96,Central,Office Supplies,Labels,Brosina Hoffman
2023-10-24,1519.12,294.96,West,Technology,Phones,Valerie Mitchum
2023-05-14,505.68,148.45,South,Office Supplies,Binders,Arthur Prichep
2023-09-06,56.25,3.57,West,Furniture,Furnishings,Maria Etezadi
2025-10-17,102.98,6.78,South,Office Supplies,Appliances,Paul Prost
2024-07-03,545.92,141.9,South,Technology,Accessories,Georgia Nippi
2025-06-20,5.73,1.91,Central,Office Supplies,Envelopes,Georgia Nippi
2025-04-13,84.83,26.84,Central,Office Supplies,Storage,Pete Kaisen
2025-02-09,20.88,1.68,East,Office Supplies,Fasteners,Irene Maddox
2023-05-26,111.74,30.53,Central,Office Supplies,Storage,Linda Cazzolari
2025-06-11,8.75,3.34,East,Technology,Accessories,Harold Ryan
2023-12-10,83.36,10.95,East,Office Supplies,Binders,Pete Kaisen
2025-11-24,77.6,20.57,East,Technology,Phones,Andrew Allen
2024-12-02,404.54,141.12,East,Technology,Phones,Alejandro Grove
2023-01-01,1824.08,46.73,East,Furniture,Bookcases,Maria Etezadi
2023-06-02,928.63,-97.4,West,Furniture,Bookcases,Lena Creighton
2024-03-04,285.27,74.67,Central,Office Supplies,Envelopes,Sandra Flanagan
2024-05-22,156.29,50.56,East,Office Supplies,Binders,Ryan Crowe
2024-05-05,80.59,-4.54,South,Furniture,Tables,Sandra Flanagan
2023-12-11,94.04,34.87,Central,Technology,Phones,Lena Creighton
2023-08-09,393.67,62.01,Central,Office Supplies,Labels,Alejandro Grove
2024-12-23,73.38,-5.63,East,Furniture,Furnishings,Bobby Osgood
2025-11-14,21.41,2.29,West,Furniture,Furnishings,Sandra Flanagan
2024-06-11,1314.85,282.32,East,Technology,Machines,Toby Swindell
2025-04-20,58.39,17.99,West,Office Supplies,Envelopes,Sandra Flanagan
2025-12-01,51.97,4.51,South,Office Supplies,Binders,Maria Etezadi
2024-04-25,935.51,235.48,Central,Technology,Accessories,Paul Prost
2025-07-18,297.94,71.16,South,Technology,Accessories,Linda Cazzolari
2025-05-21,83.62,27.71,West,Office Supplies,Fasteners,Bobby Osgood
2023-12-11,593.78,56.97,West,Office Supplies,Binders,Bobby Osgood
2023-02-14,777.17,273.54,South,Technology,Copiers,Zusha Benson
2023-01-21,208.23,25.28,West,Office Supplies,Storage,Albert Patina
2025-12-29,34.36,13.3,South,Technology,Machines,Tracy Blumstein
2025-05-22,95.47,-6.33,Central,Furniture,Bookcases,Paul Prost
2023-02-17,155.39,19.0,South,Office Supplies,Fasteners,Lena Creighton
2024-07-04,348.93,-34.21,Central,Furniture,Furnishings,Ken Black
2023-10-14,151.62,40.12,South,Office Supplies,Labels,Albert Patina
2025-09-28,83.25,-10.18,West,Furniture,Bookcases,Georgia Nippi
2025-10-30,23.45,5.06,South,Technology,Accessories,Nick Crecia
2024-06-25,283.86,38.25,West,Office Supplies,Labels,Gary Hansen
2025-01-25,72.61,5.23,South,Furniture,Chairs,Arthur Prichep
2023-10-01,115.17,31.0,South,Office Supplies,Labels,Albert Patina
2025-08-13,26.62,7.63,East,Technology,Phones,Nick Crecia
2024-08-22,40.73,17.35,West,Technology,Phones,John Lee
2024-01-16,681.49,295.09,East,Technology,Phones,Zusha Benson
2024-04-23,180.28,28.56,West,Office Supplies,Art,Arthur Prichep
2023-01-15,124.29,20.02,East,Furniture,Chairs,Emily Burns
2024-05-30,41.43,11.25,Central,Office Supplies,Art,Brosina Hoffman
2023-07-10,587.92,121.81,South,Furniture,Bookcases,Yoseph Carroll
2024-09-12,41.71,7.69,West,Office Supplies,Art,Bobby Osgood
2023-06-03,662.92,302.35,West,Technology,Copiers,Irene Maddox
2023-09-29,522.29,91.26,South,Office Supplies,Supplies,Eric Hoffmann
2023-05-23,29.0,8.85,West,Office Supplies,Supplies,Linda Cazzolari
2025-12-28,429.22,51.04,West,Office Supplies,Envelopes,Gary Hansen
2023-09-04,35.3,4.3,East,Office Supplies,Paper,Zusha Benson
2025-02-26,130.71,21.15,West,Office Supplies,Labels,Joel Eaton
2023-03-20,75.98,9.05,Central,Office Supplies,Labels,Sandra Flanagan
2024-09-14,2735.72,810.74,Central,Technology,Machines,Gary Hansen
2024-06-08,52.94,7.79,South,Technology,Accessories,John Lee
2025-02-10,81.54,11.91,West,Office Supplies,Appliances,Paul Prost
2025-07-26,614.95,199.26,South,Office Supplies,Fasteners,Tracy Blumstein
2024-09-08,120.33,20.79,Central,Office Supplies,Envelopes,Bobby Osgood
2025-10-28,587.98,-7.82,West,Furniture,Tables,Valerie Mitchum
2023-03-08,192.84,26.94,West,Technology,Machines,Ken Black
2023-07-10,693.83,129.5,South,Technology,Machines,John Lee
2025-02-06,7.17,2.1,Central,Office Supplies,Binders,Zusha Benson
2024-06-04,12.62,1.96,West,Furniture,Furnishings,Ryan Crowe
2025-09-16,142.2,33.44,South,Technology,Accessories,Linda Cazzolari
2023-09-24,289.37,23.0,Central,Furniture,Tables,Linda Cazzolari
2024-04-29,464.65,194.56,South,Technology,Accessories,Eric Hoffmann
2024-01-11,355.25,120.32,East,Office Supplies,Appliances,Paul Prost
2024-10-14,729.28,182.15,West,Technology,Phones,Toby Swindell
2024-07-02,260.68,28.48,East,Office Supplies,Fasteners,Yoseph Carroll
2023-03-14,303.21,30.52,Central,Furniture,Bookcases,Tracy Blumstein
2023-11-04,25.13,3.11,East,Furniture,Furnishings,Lena Creighton
2023-07-18,222.57,32.03,East,Technology,Accessories,Pete Kaisen
2024-07-25,274.16,139.08,Central,Technology,Copiers,Stewart Rivera
2025-03-01,431.77,-147.61,South,Furniture,Tables,Ken Black
2023-06-28,921.93,39.73,East,Furniture,Chairs,Ryan Crowe
2023-07-16,120.35,17.97,South,Office Supplies,Labels,Maria Etezadi
2025-01-04,2228.83,800.39,East,Technology,Machines,Pete Kaisen
2023-03-30,40.94,5.89,South,Office Supplies,Binders,Nick Crecia
2025-03-09,145.39,43.33,Central,Office Supplies,Labels,Bobby Osgood
2025-02-26,18.13,4.14,East,Office Supplies,Binders,Stewart Rivera
2025-01-17,159.53,60.28,Central,Technology,Accessories,Harold Ryan
2023-07-28,952.19,90.65,East,Furniture,Tables,Arthur Prichep
2024-05-07,136.9,46.23,Central,Technology,Accessories,Eric Hoffmann
2024-10-26,212.05,115.99,Central,Technology,Copiers,Bobby Osgood
2025-11-02,9.78,0.57,East,Office Supplies,Supplies,Gary Hansen
2025-05-20,128.29,28.01,East,Technology,Machines,Irene Maddox
2025-01-01,326.68,-34.91,East,Furniture,Chairs,Bobby Osgood
2024-11-28,413.67,53.24,West,Office Supplies,Supplies,Brosina Hoffman
2024-08-16,39.7,11.98,South,Office Supplies,Paper,Irene Maddox
2025-06-04,204.22,12.19,West,Office Supplies,Binders,Paul Prost
2025-05-01,2048.12,577.7,West,Technology,Machines,Joel Eaton
2023-11-21,115.37,8.87,Central,Furniture,Furnishings,Sandra Flanagan
2025-09-05,170.97,12.73,East,Furniture,Furnishings,Sandra Flanagan
2025-08-13,797.56,212.43,South,Technology,Phones,Sandra Flanagan
2025-06-12,185.49,30.84,Central,Furniture,Bookcases,Ryan Crowe
2023-05-24,197.44,28.97,West,Technology,Machines,Arthur Prichep
2024-01-19,5.09,1.06,East,Technology,Accessories,Zusha Benson
2023-08-04,3787.01,-276.16,Central,Furniture,Tables,Sandra Flanagan
2023-11-20,847.17,289.59,East,Technology,Phones,Lena Creighton
2025-11-04,221.95,38.01,Central,Office Supplies,Envelopes,Tracy Blumstein
2023-08-05,17.36,5.43,East,Office Supplies,Art,Sandra Flanagan
2025-08-08,94.0,16.42,West,Office Supplies,Supplies,Toby Swindell
2023-07-02,115.18,27.76,South,Technology,Machines,Paul Prost
2023-09-27,19.23,2.17,West,Technology,Phones,Arthur Prichep
2025-08-02,1010.97,296.11,South,Technology,Machines,Valerie Mitchum
2025-05-19,490.97,128.93,East,Office Supplies,Supplies,Eric Hoffmann
2024-04-11,354.75,29.92,Central,Office Supplies,Paper,Ken Black
2023-11-01,938.62,385.85,West,Technology,Copiers,Valerie Mitchum
2023-04-21,20.25,5.76,South,Office Supplies,Storage,Linda Cazzolari
2025-10-10,204.77,46.7,West,Technology,Phones,Andrew Allen
2023-08-20,236.13,-12.6,South,Furniture,Bookcases,Toby Swindell
2024-08-17,221.05,55.63,West,Office Supplies,Binders,Georgia Nippi
2023-06-22,248.11,27.05,South,Office Supplies,Appliances,Andrew Allen
2025-08-30,77.95,24.84,South,Office Supplies,Appliances,Irene Maddox
2025-10-27,86.16,7.04,East,Office Supplies,Binders,Maria Etezadi
2024-06-29,43.54,5.77,South,Furniture,Bookcases,Alejandro Grove
2024-07-01,56.19,11.23,East,Office Supplies,Storage,Andrew Allen
2024-06-01,159.47,64.5,South,Technology,Phones,Stewart Rivera
2025-07-02,23.66,2.08,Central,Office Supplies,Storage,Harold Ryan
2023-08-03,347.46,42.1,Central,Furniture,Chairs,Arthur Prichep
2023-05-14,292.78,64.88,Central,Office Supplies,Envelopes,Arthur Prichep
2023-10-12,936.73,-125.48,South,Furniture,Tables,Zusha Benson
2024-11-16,17.33,3.42,East,Office Supplies,Fasteners,Alejandro Grove
2023-11-27,129.86,-3.26,East,Furniture,Tables,Pete Kaisen
2025-06-12,101.52,33.64,South,Office Supplies,Storage,Zusha Benson
2025-06-17,127.85,16.87,Central,Technology,Phones,Lena Creighton
2023-03-19,125.59,13.42,Central,Technology,Phones,Valerie Mitchum
2025-08-04,118.02,45.08,East,Technology,Accessories,Tracy Blumstein
2024-11-18,417.86,155.29,Central,Technology,Copiers,Paul Prost
2023-01-21,244.08,84.45,West,Office Supplies,Paper,Irene Maddox
2024-07-19,387.93,122.89,East,Technology,Machines,Harold Ryan
2025-04-06,250.57,61.45,Central,Office Supplies,Supplies,Eric Hoffmann
2023-06-28,527.18,-137.33,East,Furniture,Tables,Sandra Flanagan
2025-12-18,70.39,28.02,West,Technology,Copiers,Tracy Blumstein
2025-06-23,126.18,31.27,East,Office Supplies,Labels,Arthur Prichep
2024-10-30,137.97,44.55,East,Office Supplies,Art,Brosina Hoffman
2023-07-10,1180.54,286.82,East,Furniture,Chairs,Ryan Crowe
2024-12-08,199.23,21.8,East,Office Supplies,Art,Albert Patina
2025-11-24,379.74,34.27,West,Office Supplies,Paper,Valerie Mitchum
2024-01-14,2849.49,341.2,South,Technology,Machines,Paul Prost
2024-01-22,144.17,44.76,East,Office Supplies,Paper,Zusha Benson
2023-08-25,117.54,16.27,East,Office Supplies,Appliances,Linda Cazzolari
2024-09-07,127.28,6.43,Central,Office Supplies,Supplies,Claire Gute
2023-10-10,579.78,103.4,East,Technology,Accessories,Zusha Benson
2023-01-01,227.53,34.61,Central,Office Supplies,Supplies,Eric Hoffmann
2024-04-08,46.72,20.88,South,Technology,Phones,Joel Eaton
2025-08-24,1684.91,477.23,West,Technology,Machines,Zusha Benson
2023-06-21,189.42,74.05,West,Technology,Copiers,Eric Hoffmann
2025-04-22,274.69,-4.41,South,Furniture,Bookcases,John Lee
2024-11-20,40.45,6.03,West,Office Supplies,Art,Arthur Prichep
2024-07-28,180.48,10.09,South,Office Supplies,Paper,Pete Kaisen
2023-06-14,319.71,28.95,South,Office Supplies,Art,Emily Burns
2024-01-18,56.45,7.23,South,Furniture,Furnishings,Alejandro Grove
2023-07-28,84.11,-24.89,West,Furniture,Tables,Georgia Nippi
2023-08-12,168.95,-9.75,Central,Furniture,Bookcases,Joel Eaton
2023-01-03,172.38,26.76,South,Office Supplies,Supplies,Albert Patina
2024-01-07,218.08,109.38,East,Technology,Copiers,Stewart Rivera
2024-09-02,53.88,12.11,West,Office Supplies,Binders,Yoseph Carroll
2023-04-26,35.58,9.13,South,Office Supplies,Storage,Ryan Crowe
2024-03-22,738.47,-70.04,South,Furniture,Tables,Sandra Flanagan
2024-02-19,53.43,13.63,East,Office Supplies,Supplies,Linda Cazzolari
2025-06-10,893.37,-311.54,Central,Furniture,Tables,Gary Hansen
2025-11-13,16.96,5.58,Central,Office Supplies,Labels,Eric Hoffmann
2024-10-24,168.61,14.04,Central,Office Supplies,Supplies,Gary Hansen
2025-12-09,169.9,2.12,South,Furniture,Chairs,Gary Hansen
2024-12-18,105.79,39.13,South,Technology,Accessories,Zusha Benson
2025-11-16,55.55,10.03,South,Office Supplies,Art,Ken Black
2023-09-28,197.44,65.96,West,Office Supplies,Appliances,Georgia Nippi
2024-07-15,2133.64,946.31,East,Technology,Copiers,Linda Cazzolari
2025-03-14,378.48,118.27,South,Office Supplies,Binders,Emily Burns
2023-09-04,136.35,39.98,East,Office Supplies,Supplies,Sandra Flanagan
2024-01-22,98.15,33.79,East,Office Supplies,Supplies,Bobby Osgood
2024-12-02,260.81,110.66,Central,Technology,Accessories,Maria Etezadi
2024-07-12,177.48,56.69,West,Office Supplies,Envelopes,Nick Crecia
2025-08-30,35.42,9.55,South,Office Supplies,Fasteners,John Lee
2025-09-10,262.99,60.08,Central,Technology,Accessories,Stewart Rivera
2023-12-18,165.32,22.67,Central,Technology,Phones,Georgia Nippi
2025-01-22,36.42,9.35,South,Office Supplies,Appliances,Albert Patina
2025-02-19,177.05,78.35,East,Technology,Phones,Emily Burns
2025-10-21,51.7,13.85,Central,Office Supplies,Labels,Ryan Crowe
2024-06-29,219.53,48.62,East,Furniture,Chairs,Ryan Crowe
2023-03-20,152.49,58.18,West,Technology,Phones,Harold Ryan
2023-11-30,24.78,2.45,East,Office Supplies,Binders,Yoseph Carroll
2025-06-07,97.24,-4.89,West,Furniture,Chairs,Valerie Mitchum
2024-05-16,940.16,-184.42,East,Furniture,Tables,Ken Black
2025-02-03,635.11,-174.2,Central,Furniture,Tables,Joel Eaton
2025-07-09,63.19,14.19,Central,Office Supplies,Labels,Brosina Hoffman
2024-07-03,61.73,27.25,West,Technology,Machines,Albert Patina
2023-01-14,25.41,3.93,South,Furniture,Furnishings,Stewart Rivera
2024-01-27,374.23,66.24,West,Office Supplies,Storage,Albert Patina
2023-11-06,693.35,70.43,West,Technology,Machines,Zusha Benson
2024-01-21,95.65,13.77,East,Office Supplies,Envelopes,Ken Black
2025-08-31,77.11,-8.71,East,Furniture,Tables,Andrew Allen
2023-12-06,200.64,29.55,West,Office Supplies,Art,Nick Crecia
2024-08-19,385.85,53.58,Central,Technology,Machines,Joel Eaton
2025-01-26,38.86,7.1,East,Office Supplies,Fasteners,Paul Prost
2025-11-11,22.49,-1.1,South,Furniture,Furnishings,Sandra Flanagan
2023-10-18,77.53,32.43,East,Technology,Accessories,Georgia Nippi
2023-11-02,748.65,101.53,East,Technology,Phones,Georgia Nippi
2024-09-25,1735.41,203.4,South,Technology,Machines,Linda Cazzolari
2024-09-16,275.95,-40.81,West,Furniture,Chairs,Linda Cazzolari
2025-07-27,922.62,-186.71,South,Furniture,Tables,Irene Maddox
2025-04-27,23.35,5.79,West,Office Supplies,Storage,Harold Ryan
2024-03-17,359.02,51.04,West,Furniture,Chairs,Yoseph Carroll
2024-05-17,608.85,157.47,West,Technology,Phones,Georgia Nippi
2023-05-10,38.61,9.86,South,Office Supplies,Paper,Joel Eaton
2024-08-19,323.23,51.06,West,Office Supplies,Envelopes,Valerie Mitchum
2025-05-11,37.54,12.53,Central,Technology,Accessories,Maria Etezadi
2024-08-15,61.42,7.01,South,Technology,Accessories,Tracy Blumstein
2025-09-25,574.9,136.12,Central,Technology,Phones,Alejandro Grove
2023-11-21,157.56,45.26,West,Office Supplies,Art,Andrew Allen
2025-12-28,185.29,53.9,East,Office Supplies,Art,Valerie Mitchum
2024-03-23,22.82,3.11,West,Furniture,Furnishings,Ken Black
2025-03-29,289.03,32.16,Central,Office Supplies,Fasteners,Sandra Flanagan
2024-12-09,119.16,14.8,Central,Office Supplies,Binders,Joel Eaton
2023-09-22,100.61,35.1,South,Office Supplies,Envelopes,Georgia Nippi
2024-09-03,600.27,48.63,East,Office Supplies,Paper,Nick Crecia
2025-04-11,1273.13,207.82,South,Technology,Machines,Harold Ryan
2024-11-04,23.84,3.47,Central,Technology,Accessories,Harold Ryan
2023-06-06,216.92,46.57,West,Technology,Accessories,Arthur Prichep
2023-09-08,99.57,39.03,East,Technology,Copiers,Valerie Mitchum
2025-05-27,19.6,0.96,West,Furniture,Chairs,John Lee
2024-06-13,82.53,15.91,West,Office Supplies,Storage,Paul Prost
2023-11-23,6029.58,3197.49,East,Technology,Copiers,Brosina Hoffman
2025-08-18,33.83,3.79,South,Technology,Accessories,Valerie Mitchum
2025-06-13,682.7,-15.05,West,Furniture,Chairs,Brosina Hoffman
2023-04-07,33.56,7.69,Central,Office Supplies,Envelopes,Georgia Nippi
2024-05-27,1513.78,-117.83,West,Furniture,Tables,Alejandro Grove
2023-08-04,766.18,-102.62,East,Furniture,Tables,Pete Kaisen
2023-05-05,407.12,156.94,East,Technology,Phones,Albert Patina
2023-02-28,276.39,100.2,East,Technology,Copiers,Alejandro Grove
2023-06-10,210.34,61.98,South,Office Supplies,Supplies,Toby Swindell
2023-10-11,819.57,162.62,West,Office Supplies,Appliances,Harold Ryan
2023-04-16,169.34,24.86,South,Technology,Accessories,Sandra Flanagan
2023-08-16,107.03,33.79,South,Office Supplies,Envelopes,Zusha Benson
2023-11-14,389.93,95.44,East,Office Supplies,Paper,Sandra Flanagan
2025-03-12,7.4,0.73,East,Office Supplies,Appliances,Paul Prost
2025-05-23,507.82,-69.34,South,Furniture,Bookcases,Joel Eaton
2024-04-16,1549.53,-443.94,West,Furniture,Tables,Harold Ryan
2025-12-15,97.83,-7.44,Central,Furniture,Tables,Tracy Blumstein
2024-09-16,94.69,9.83,South,Office Supplies,Paper,Brosina Hoffman
2023-01-13,133.75,23.94,West,Technology,Machines,Eric Hoffmann
2025-11-07,422.82,46.0,East,Technology,Machines,Brosina Hoffman
2024-11-24,162.28,22.58,East,Furniture,Furnishings,Nick Crecia
2025-08-30,59.06,17.31,West,Office Supplies,Envelopes,Ryan Crowe
2023-04-23,255.24,96.71,Central,Technology,Phones,Linda Cazzolari
2023-08-17,54.14,4.78,East,Office Supplies,Supplies,Nick Crecia
2023-06-20,74.16,23.8,East,Office Supplies,Binders,Toby Swindell
2023-10-22,81.22,27.23,East,Technology,Phones,Irene Maddox
2023-07-08,330.15,105.4,West,Office Supplies,Envelopes,Paul Prost
2024-03-01,24.34,0.7,South,Furniture,Bookcases,Bobby Osgood
2025-09-03,326.08,59.05,East,Office Supplies,Art,Joel Eaton
2024-10-19,239.96,89.89,South,Technology,Phones,Emily Burns
2025-07-07,65.44,5.1,Central,Office Supplies,Paper,Paul Prost
2024-05-13,197.59,40.76,East,Office Supplies,Labels,John Lee
2025-01-31,111.32,33.5,East,Office Supplies,Labels,Maria Etezadi
2025-05-15,108.7,32.51,Central,Office Supplies,Appliances,Bobby Osgood
2025-04-05,40.69,9.46,East,Furniture,Chairs,Ken Black
2023-03-12,79.03,20.51,South,Office Supplies,Art,Alejandro Grove
2023-09-05,46.38,5.21,West,Office Supplies,Appliances,Andrew Allen
2023-05-26,7.37,0.41,South,Office Supplies,Labels,Georgia Nippi
2024-08-04,268.96,72.03,West,Technology,Machines,Georgia Nippi
2024-04-14,19.12,3.9,West,Office Supplies,Storage,Eric Hoffmann
2023-07-12,49.52,6.05,South,Office Supplies,Supplies,Stewart Rivera
2025-12-27,19.56,1.71,South,Office Supplies,Fasteners,Linda Cazzolari
2024-05-08,33.0,10.07,South,Technology,Phones,Bobby Osgood
2023-02-21,38.29,10.69,South,Office Supplies,Labels,Bobby Osgood
2025-05-31,2225.07,550.17,Central,Furniture,Chairs,Georgia Nippi
2023-12-29,5.33,1.48,East,Office Supplies,Fasteners,Linda Cazzolari
2025-07-05,993.38,375.27,West,Technology,Machines,Alejandro Grove
2024-04-18,27.84,6.54,South,Office Supplies,Envelopes,Andrew Allen
2024-06-04,385.04,133.14,South,Office Supplies,Appliances,Claire Gute
2024-11-21,101.85,33.0,South,Technology,Machines,Claire Gute
2024-06-15,470.37,144.91,Central,Office Supplies,Storage,Gary Hansen
2025-04-19,499.75,114.1,South,Furniture,Chairs,Georgia Nippi
2025-12-24,5.19,1.71,South,Office Supplies,Supplies,Linda Cazzolari
2023-08-29,341.66,56.18,South,Office Supplies,Binders,Arthur Prichep
2024-06-19,115.63,8.51,East,Office Supplies,Binders,Maria Etezadi
2023-03-24,50.71,5.15,Central,Office Supplies,Labels,Sandra Flanagan
2025-09-08,223.69,15.16,South,Office Supplies,Appliances,Stewart Rivera
2025-08-08,396.91,-42.8,West,Furniture,Furnishings,Nick Crecia
2024-09-02,829.4,-221.37,West,Furniture,Tables,Georgia Nippi
2024-07-27,61.87,9.42,West,Office Supplies,Supplies,Zusha Benson
2023-10-13,238.35,50.78,Central,Office Supplies,Labels,Tracy Blumstein
2025-09-15,176.75,46.57,Central,Office Supplies,Art,Sandra Flanagan
2024-04-03,334.4,37.88,West,Office Supplies,Fasteners,Sandra Flanagan
2023-05-06,1145.08,-54.24,South,Furniture,Tables,Nick Crecia
2024-02-29,46.86,12.24,Central,Office Supplies,Appliances,Maria Etezadi
2024-07-07,407.49,120.42,West,Technology,Accessories,Gary Hansen
2024-09-01,35.14,7.43,West,Furniture,Bookcases,Nick Crecia
2023-04-22,182.43,67.9,South,Technology,Copiers,Georgia Nippi
2024-02-06,852.73,-230.49,East,Furniture,Tables,Ken Black
2023-05-02,733.53,-115.24,Central,Furniture,Tables,Irene Maddox
2023-09-30,7.31,-0.73,South,Furniture,Furnishings,Linda Cazzolari
2024-02-02,232.51,51.13,West,Office Supplies,Supplies,Valerie Mitchum
2024-04-15,257.61,2.41,West,Furniture,Chairs,Joel Eaton
2025-09-11,303.11,-10.96,South,Furniture,Bookcases,Toby Swindell
2024-07-22,253.61,40.45,Central,Technology,Accessories,Albert Patina
2025-06-15,584.58,-116.39,East,Furniture,Tables,Zusha Benson
2025-03-30,94.98,44.79,East,Technology,Copiers,Pete Kaisen
2025-05-02,34.12,10.29,West,Technology,Accessories,Alejandro Grove
2024-12-10,473.21,46.89,Central,Office Supplies,Supplies,Stewart Rivera
2023-11-17,15.95,1.4,East,Office Supplies,Supplies,Linda Cazzolari
2023-06-28,70.76,4.1,Central,Office Supplies,Storage,Paul Prost
2025-06-15,317.37,-46.03,Central,Furniture,Bookcases,Ken Black
2023-08-07,251.65,50.81,West,Furniture,Chairs,Georgia Nippi
2025-02-27,5.6,0.36,East,Office Supplies,Art,Stewart Rivera
2024-05-06,853.73,-17.89,South,Furniture,Tables,Toby Swindell
2023-03-02,445.31,18.88,West,Furniture,Tables,Tracy Blumstein
2025-12-13,1799.32,241.69,East,Technology,Machines,Paul Prost
2024-06-21,96.32,2.36,East,Furniture,Bookcases,Stewart Rivera
2025-04-27,209.56,49.23,East,Furniture,Bookcases,Georgia Nippi
2025-09-14,647.49,16.42,East,Furniture,Tables,Lena Creighton
2023-03-06,79.32,15.62,East,Office Supplies,Paper,John Lee
2024-08-08,530.78,82.29,Central,Furniture,Chairs,Paul Prost
2023-06-20,41.41,12.42,West,Office Supplies,Appliances,John Lee
2024-06-18,42.48,6.56,Central,Office Supplies,Envelopes,Albert Patina
2024-11-23,200.96,63.83,South,Office Supplies,Fasteners,Zusha Benson
2023-04-18,109.06,20.85,East,Office Supplies,Envelopes,Linda Cazzolari
2025-03-24,85.46,17.8,West,Office Supplies,Supplies,Sandra Flanagan
2025-10-01,155.67,85.61,East,Technology,Copiers,Yoseph Carroll
2024-03-27,283.1,146.83,West,Technology,Copiers,Bobby Osgood
2024-08-12,23.1,5.23,Central,Technology,Phones,Gary Hansen
2025-11-05,19.38,1.03,West,Office Supplies,Binders,Emily Burns
2023-11-23,127.07,30.22,South,Office Supplies,Paper,Bobby Osgood
2024-08-30,338.67,117.31,South,Technology,Accessories,Eric Hoffmann
2024-10-20,55.78,13.68,West,Office Supplies,Art,Ryan Crowe
2023-01-02,397.23,174.29,West,Technology,Machines,John Lee
2025-10-30,23.43,7.24,West,Office Supplies,Appliances,Zusha Benson
2024-03-09,175.92,5.2,West,Furniture,Chairs,Bobby Osgood
2023-05-05,52.03,18.86,South,Technology,Copiers,Paul Prost
2024-04-29,2409.3,-327.12,East,Furniture,Tables,Claire Gute
2024-10-13,172.72,58.94,West,Technology,Accessories,Joel Eaton
2025-03-10,1188.48,371.64,West,Technology,Phones,Bobby Osgood
2025-05-22,326.61,21.31,South,Furniture,Furnishings,Emily Burns
2023-05-09,101.08,19.27,South,Office Supplies,Envelopes,Alejandro Grove
2024-03-13,246.29,-8.0,Central,Furniture,Bookcases,Gary Hansen
2025-01-20,36.71,-1.43,West,Furniture,Furnishings,Claire Gute
2024-05-15,98.0,19.61,Central,Office Supplies,Art,Ryan Crowe
2025-12-17,355.0,34.85,South,Office Supplies,Art,Brosina Hoffman
2023-07-30,12.83,2.81,South,Technology,Accessories,Lena Creighton
2025-06-20,303.78,-6.2,East,Furniture,Furnishings,Pete Kaisen
2023-02-14,67.54,20.63,West,Technology,Accessories,Albert Patina
2024-06-18,349.66,43.13,Central,Technology,Accessories,Emily Burns
2024-04-05,429.23,128.3,South,Office Supplies,Binders,Gary Hansen
2024-01-26,171.69,50.96,South,Technology,Accessories,Ryan Crowe
2025-12-03,168.79,19.97,Central,Furniture,Furnishings,Claire Gute
2023-01-27,95.43,24.9,East,Office Supplies,Storage,Georgia Nippi
2025-03-04,275.76,55.71,South,Technology,Accessories,Tracy Blumstein
2025-09-01,494.0,94.41,West,Office Supplies,Envelopes,Joel Eaton
2024-07-01,751.56,326.69,South,Technology,Phones,Joel Eaton
2024-09-12,150.9,42.25,West,Office Supplies,Fasteners,Sandra Flanagan
2024-07-20,783.08,67.58,Central,Furniture,Tables,Sandra Flanagan
2024-12-04,289.04,79.16,West,Office Supplies,Paper,Nick Crecia
2023-07-04,121.87,12.51,Central,Office Supplies,Paper,Paul Prost
2025-12-28,1249.68,153.2,West,Technology,Machines,Ryan Crowe
2025-04-27,111.66,24.93,Central,Office Supplies,Binders,Claire Gute
2024-08-21,14.67,2.31,West,Office Supplies,Envelopes,Lena Creighton
2025-03-16,77.66,10.3,East,Office Supplies,Supplies,Sandra Flanagan
2023-03-20,93.17,27.22,West,Office Supplies,Appliances,Eric Hoffmann
2024-08-01,27.91,4.47,West,Office Supplies,Storage,Paul Prost
2024-02-17,79.73,16.82,East,Technology,Machines,Yoseph Carroll
2024-06-29,625.15,248.49,South,Technology,Machines,Lena Creighton
2023-06-18,18.35,5.58,South,Office Supplies,Fasteners,Ken Black
2024-11-11,405.27,-76.85,West,Furniture,Tables,Lena Creighton
2024-08-05,209.74,62.87,East,Office Supplies,Supplies,Linda Cazzolari
2024-05-29,505.45,154.28,West,Office Supplies,Art,Claire Gute
2023-02-01,420.79,8.24,Central,Furniture,Chairs,Maria Etezadi
2023-10-14,741.46,91.4,Central,Technology,Accessories,Toby Swindell
2024-08-16,184.77,9.33,West,Office Supplies,Storage,John Lee
2025-12-02,173.08,78.69,South,Technology,Copiers,John Lee
2024-09-08,172.24,26.39,South,Office Supplies,Labels,Sandra Flanagan
2025-10-21,186.68,46.46,West,Furniture,Furnishings,Zusha Benson
2023-09-27,74.72,21.05,West,Office Supplies,Envelopes,Arthur Prichep
2024-06-01,7.68,2.81,Central,Technology,Accessories,Harold Ryan
2025-10-30,187.2,63.01,South,Office Supplies,Envelopes,Alejandro Grove
2024-08-05,52.58,2.6,West,Furniture,Tables,Stewart Rivera
2023-08-14,154.62,22.49,Central,Office Supplies,Storage,Harold Ryan
2024-10-31,125.02,19.77,South,Technology,Phones,Irene Maddox
2025-07-05,130.07,35.61,East,Office Supplies,Binders,Georgia Nippi
2023-05-06,110.15,18.01,Central,Office Supplies,Paper,Yoseph Carroll
2025-08-13,42.49,18.89,South,Technology,Copiers,Alejandro Grove
2023-03-15,261.39,124.44,South,Technology,Copiers,Sandra Flanagan
2023-02-25,328.82,137.37,Central,Technology,Phones,Emily Burns
2024-12-20,288.18,50.64,East,Office Supplies,Binders,Linda Cazzolari
2024-07-06,334.25,95.26,Central,Office Supplies,Binders,Brosina Hoffman
2023-02-01,382.33,-16.31,South,Furniture,Bookcases,Yoseph Carroll
2024-07-27,834.76,287.4,West,Technology,Machines,Lena Creighton
2024-10-28,187.4,-27.99,West,Furniture,Chairs,Arthur Prichep
2023-10-11,67.83,21.13,Central,Office Supplies,Fasteners,Linda Cazzolari
2023-07-06,37.44,-5.16,South,Furniture,Furnishings,John Lee
2024-05-12,128.81,33.98,West,Office Supplies,Appliances,Yoseph Carroll
2023-05-10,309.1,111.04,South,Technology,Copiers,Pete Kaisen
2024-09-30,18.22,2.37,Central,Office Supplies,Paper,Sandra Flanagan
2023-04-24,360.06,17.6,West,Furniture,Bookcases,Yoseph Carroll
2023-01-13,669.68,12.04,South,Furniture,Bookcases,Ken Black
2024-03-19,71.94,7.74,West,Office Supplies,Paper,Valerie Mitchum
2024-03-22,16.97,2.55,Central,Office Supplies,Appliances,Nick Crecia
2025-09-12,88.35,23.71,South,Office Supplies,Fasteners,Linda Cazzolari
2025-09-19,92.6,30.95,West,Technology,Accessories,Harold Ryan
2024-12-15,170.7,21.36,Central,Technology,Accessories,Yoseph Carroll
2023-03-15,61.84,16.96,West,Office Supplies,Envelopes,Arthur Prichep
2024-06-20,177.14,11.68,West,Office Supplies,Supplies,Harold Ryan
2023-04-11,1049.96,304.51,East,Technology,Phones,Valerie Mitchum
2023-06-25,45.67,8.72,East,Technology,Accessories,Pete Kaisen
2024-03-02,3683.29,1125.95,Central,Technology,Machines,Harold Ryan
2023-02-10,78.25,10.05,East,Office Supplies,Art,Zusha Benson
2024-03-04,215.96,96.05,Central,Technology,Machines,Irene Maddox
2023-12-10,303.92,-64.01,East,Furniture,Tables,Yoseph Carroll
2024-01-01,116.87,21.58,West,Technology,Machines,Bobby Osgood
2024-08-31,25.15,-0.97,Central,Furniture,Furnishings,Andrew Allen
2024-10-18,491.91,260.37,Central,Technology,Copiers,Alejandro Grove
2024-12-28,434.8,45.43,West,Furniture,Bookcases,Maria Etezadi
2023-08-17,575.62,204.77,Central,Technology,Phones,Linda Cazzolari
2025-04-04,168.96,54.98,Central,Office Supplies,Fasteners,Lena Creighton
2025-06-07,21.68,9.09,East,Technology,Accessories,Andrew Allen
2025-09-10,586.16,-10.24,Central,Furniture,Tables,Maria Etezadi
2025-04-15,156.35,17.1,South,Office Supplies,Fasteners,Georgia Nippi
2023-04-27,250.8,76.0,West,Office Supplies,Binders,Bobby Osgood
2025-03-28,1061.82,-72.72,East,Furniture,Bookcases,Maria Etezadi
2024-01-03,2137.46,-33.55,East,Furniture,Tables,Linda Cazzolari
2023-06-17,648.36,-26.89,South,Furniture,Tables,Emily Burns
2025-08-11,184.53,51.24,West,Office Supplies,Envelopes,Andrew Allen
2024-10-22,51.85,10.88,West,Office Supplies,Art,Zusha Benson
2024-11-25,1102.65,266.42,East,Office Supplies,Supplies,Valerie Mitchum
2025-07-13,33.92,11.4,Central,Office Supplies,Storage,Tracy Blumstein
2023-06-01,6.52,0.52,East,Office Supplies,Appliances,Yoseph Carroll
2024-08-08,57.97,-1.53,West,Furniture,Chairs,Maria Etezadi
2025-07-01,229.33,72.0,South,Technology,Accessories,Valerie Mitchum
2023-10-01,93.8,31.82,East,Office Supplies,Fasteners,Brosina Hoffman
2024-05-10,94.0,7.4,West,Office Supplies,Labels,Tracy Blumstein
2023-04-11,3669.21,1300.77,East,Technology,Copiers,Sandra Flanagan
2024-07-10,383.18,25.57,Central,Office Supplies,Binders,Arthur Prichep
2023-03-14,226.21,81.54,East,Technology,Copiers,Nick Crecia
2025-11-03,111.41,23.74,East,Furniture,Chairs,Valerie Mitchum
2023-06-06,2059.18,725.74,West,Technology,Machines,Claire Gute
2025-01-04,854.11,103.21,West,Furniture,Chairs,Eric Hoffmann
2023-05-12,122.0,25.23,West,Office Supplies,Labels,Stewart Rivera
2025-10-15,394.31,64.19,East,Furniture,Chairs,Albert Patina
2024-07-12,49.54,4.79,Central,Office Supplies,Storage,Sandra Flanagan
2023-04-17,247.02,41.4,South,Office Supplies,Appliances,Claire Gute
2023-09-22,155.0,30.54,South,Office Supplies,Appliances,Ryan Crowe
2023-06-04,200.31,27.77,West,Technology,Phones,Sandra Flanagan
2025-09-14,14.3,0.25,West,Furniture,Furnishings,Arthur Prichep
2025-09-23,1360.63,562.35,East,Technology,Copiers,Albert Patina
2023-09-04,148.35,9.0,South,Office Supplies,Storage,Stewart Rivera
2024-06-14,37.11,3.38,West,Office Supplies,Paper,Andrew Allen
2025-05-07,441.66,68.73,Central,Furniture,Bookcases,Harold Ryan
2024-06-21,174.73,9.68,Central,Office Supplies,Paper,Ryan Crowe
2024-12-29,116.91,26.15,West,Furniture,Furnishings,Nick Crecia
2023-06-03,194.93,14.8,West,Office Supplies,Appliances,Emily Burns
2023-04-02,432.55,164.25,South,Technology,Phones,Gary Hansen
2023-12-04,447.81,143.11,South,Office Supplies,Appliances,Albert Patina
2024-03-25,45.72,19.63,East,Technology,Phones,Arthur Prichep
2025-03-20,21.85,6.78,South,Office Supplies,Binders,Ryan Crowe
2025-02-25,33.61,4.58,Central,Office Supplies,Appliances,Arthur Prichep
2023-09-30,180.76,27.1,Central,Office Supplies,Paper,Zusha Benson
2024-08-10,160.6,40.04,West,Technology,Accessories,Tracy Blumstein
2023-06-26,980.07,-92.4,South,Furniture,Chairs,Georgia Nippi
2025-04-10,203.01,21.88,East,Technology,Accessories,Joel Eaton
2024-10-04,111.5,22.04,Central,Furniture,Furnishings,Pete Kaisen
2025-12-08,2261.45,664.74,Central,Technology,Phones,Brosina Hoffman
2024-07-20,51.41,11.96,East,Office Supplies,Appliances,Maria Etezadi
2024-10-27,273.64,89.78,East,Office Supplies,Appliances,Arthur Prichep
2025-05-17,135.7,15.75,Central,Furniture,Bookcases,Paul Prost
2025-12-05,161.93,20.46,Central,Furniture,Furnishings,Alejandro Grove
2023-10-29,380.88,62.76,East,Furniture,Bookcases,Eric Hoffmann
2025-05-17,155.67,13.22,Central,Office Supplies,Supplies,Emily Burns
2025-06-30,109.8,-0.65,West,Furniture,Chairs,Maria Etezadi
2024-02-12,92.77,31.58,West,Office Supplies,Art,Bobby Osgood
2025-04-01,128.64,28.19,East,Furniture,Furnishings,Sandra Flanagan
2024-07-14,288.61,90.98,South,Office Supplies,Paper,Eric Hoffmann
2024-04-08,92.95,17.25,East,Office Supplies,Paper,Yoseph Carroll
2023-05-24,381.53,152.62,East,Technology,Accessories,Brosina Hoffman
2024-03-17,92.07,5.94,South,Office Supplies,Binders,Arthur Prichep
2024-05-01,420.37,63.89,South,Technology,Machines,Irene Maddox
2025-05-09,243.66,42.44,South,Office Supplies,Supplies,Brosina Hoffman
2023-05-28,435.51,18.88,West,Furniture,Chairs,Maria Etezadi
2025-12-30,488.65,63.06,Central,Office Supplies,Appliances,Nick Crecia
2025-03-21,166.97,26.2,West,Office Supplies,Art,Albert Patina
2024-10-27,115.94,11.46,Central,Office Supplies,Fasteners,Linda Cazzolari
2023-03-31,8.58,1.69,West,Office Supplies,Storage,Gary Hansen
2023-07-18,165.11,27.66,Central,Furniture,Chairs,Brosina Hoffman
2024-06-21,384.09,185.24,West,Technology,Copiers,Ryan Crowe
2023-10-28,1383.12,-417.0,South,Furniture,Tables,Emily Burns
2024-12-24,40.03,10.83,East,Technology,Accessories,John Lee
2025-08-20,39.45,10.23,West,Office Supplies,Storage,Ryan Crowe
2023-03-09,76.16,4.72,Central,Furniture,Bookcases,Maria Etezadi
2024-04-03,25.14,4.21,South,Office Supplies,Labels,Gary Hansen
2024-02-02,60.88,14.4,West,Office Supplies,Labels,Pete Kaisen
2024-09-11,330.63,112.61,West,Office Supplies,Labels,Zusha Benson
2024-12-30,228.7,30.47,South,Technology,Accessories,Stewart Rivera
2024-07-09,204.35,34.13,West,Office Supplies,Fasteners,Bobby Osgood
2025-02-19,244.43,42.04,East,Office Supplies,Art,Ryan Crowe
2025-06-12,113.24,9.15,West,Furniture,Chairs,Zusha Benson
2024-09-01,332.64,31.82,East,Office Supplies,Appliances,Andrew Allen
2025-01-17,27.15,2.8,East,Office Supplies,Labels,Zusha Benson
2023-10-09,66.5,13.29,South,Technology,Accessories,Albert Patina
2024-10-22,863.0,69.16,West,Furniture,Tables,Zusha Benson
2025-07-12,52.69,7.57,South,Furniture,Bookcases,Albert Patina
2025-09-22,201.47,66.81,West,Technology,Accessories,Claire Gute
2025-01-15,311.74,5.5,West,Furniture,Tables,Alejandro Grove
2023-03-28,782.87,113.24,Central,Technology,Phones,Joel Eaton
2025-03-01,201.46,80.74,West,Technology,Phones,Pete Kaisen
2023-10-31,254.21,78.35,South,Technology,Machines,Paul Prost
2023-05-10,204.07,30.73,East,Office Supplies,Supplies,Brosina Hoffman
2024-08-18,270.76,4.64,West,Furniture,Tables,Maria Etezadi
2024-07-11,106.24,30.89,Central,Office Supplies,Storage,John Lee
2025-06-17,59.21,1.81,South,Furniture,Tables,Joel Eaton
2023-03-19,483.01,-50.13,West,Furniture,Bookcases,Bobby Osgood
2025-02-22,169.43,40.28,South,Furniture,Furnishings,Linda Cazzolari
2024-11-04,427.44,34.98,Central,Furniture,Tables,Bobby Osgood
2023-08-26,468.25,105.41,Central,Technology,Accessories,Alejandro Grove
2023-10-05,315.92,22.04,South,Office Supplies,Supplies,John Lee
2025-11-07,851.45,326.46,West,Technology,Copiers,Paul Prost
2024-06-07,192.58,66.99,East,Office Supplies,Appliances,Toby Swindell
2023-06-29,48.63,10.65,Central,Office Supplies,Storage,Claire Gute
2023-05-03,422.88,95.07,West,Technology,Phones,Bobby Osgood
2025-12-10,85.65,17.2,West,Technology,Phones,Harold Ryan
2025-12-30,28.32,3.6,East,Office Supplies,Storage,Toby Swindell
2024-04-24,2450.56,283.43,Central,Furniture,Bookcases,Gary Hansen
2025-11-08,576.82,142.35,Central,Technology,Machines,Maria Etezadi
2023-03-25,89.58,30.42,West,Office Supplies,Fasteners,Maria Etezadi
2024-07-18,269.51,131.19,West,Technology,Copiers,Tracy Blumstein
2024-09-10,143.92,41.39,East,Office Supplies,Appliances,Bobby Osgood
2023-12-23,12.63,1.74,East,Office Supplies,Binders,Gary Hansen
2025-03-26,42.38,5.41,Central,Technology,Phones,Tracy Blumstein
2024-10-08,64.24,17.39,South,Technology,Machines,Joel Eaton
2024-03-18,697.94,146.64,Central,Technology,Machines,John Lee
2025-12-28,142.67,-9.87,West,Furniture,Furnishings,Arthur Prichep
2024-06-06,80.86,35.05,Central,Technology,Machines,Joel Eaton
2023-05-23,196.6,36.02,South,Office Supplies,Storage,Maria Etezadi
2023-07-11,44.28,7.14,East,Technology,Accessories,Irene Maddox
2024-01-13,614.47,-43.34,South,Furniture,Chairs,Harold Ryan
2024-08-03,606.75,81.43,South,Office Supplies,Paper,Linda Cazzolari
2024-06-18,181.21,63.39,South,Office Supplies,Labels,Lena Creighton
2025-10-29,327.08,42.65,East,Office Supplies,Art,Albert Patina
2023-04-03,3236.17,-653.83,South,Furniture,Tables,Ryan Crowe
2024-06-12,105.05,26.03,South,Office Supplies,Appliances,Gary Hansen
2024-02-09,550.84,-17.86,South,Furniture,Bookcases,Zusha Benson
2025-04-19,888.45,-56.57,West,Furniture,Chairs,Andrew Allen
2025-06-07,157.04,24.42,South,Technology,Phones,Nick Crecia
2024-02-26,50.45,7.25,East,Office Supplies,Art,Stewart Rivera
2024-04-16,444.49,-47.84,South,Furniture,Furnishings,John Lee
2025-06-11,745.04,79.37,South,Technology,Phones,Valerie Mitchum
2024-06-30,65.87,11.32,East,Furniture,Chairs,Brosina Hoffman
2024-09-22,223.93,-21.24,South,Furniture,Chairs,Alejandro Grove
2025-11-03,243.78,68.94,East,Office Supplies,Supplies,Sandra Flanagan
2025-02-16,123.8,35.81,South,Office Supplies,Envelopes,Zusha Benson
2023-12-30,162.45,34.34,East,Office Supplies,Envelopes,Brosina Hoffman
2023-04-29,711.2,148.21,South,Technology,Phones,Sandra Flanagan
2024-06-29,256.62,-23.61,South,Furniture,Chairs,Stewart Rivera
2024-06-05,121.51,17.59,West,Furniture,Furnishings,Eric Hoffmann
2024-09-25,832.95,258.62,West,Technology,Machines,Joel Eaton
2025-08-20,1189.6,572.31,South,Technology,Copiers,Bobby Osgood
2025-08-15,154.09,8.11,South,Office Supplies,Labels,Linda Cazzolari
2025-06-01,71.89,30.53,Central,Technology,Accessories,Sandra Flanagan
2025-02-18,240.94,-29.75,East,Furniture,Chairs,Zusha Benson
2025-05-20,1784.77,407.61,Central,Technology,Phones,Lena Creighton
2024-05-30,161.62,38.94,West,Technology,Machines,Toby Swindell
2025-07-26,189.07,66.23,West,Technology,Copiers,Irene Maddox
2025-05-15,106.71,21.25,West,Office Supplies,Storage,Maria Etezadi
2023-04-16,276.85,76.37,West,Office Supplies,Envelopes,Georgia Nippi
2023-08-02,31.81,9.45,South,Office Supplies,Appliances,John Lee
2025-04-29,165.86,7.58,West,Furniture,Tables,Zusha Benson
2023-07-16,98.07,26.55,South,Technology,Machines,Irene Maddox
2023-01-19,188.62,19.29,South,Furniture,Furnishings,Arthur Prichep
2024-10-03,103.24,-12.2,West,Furniture,Bookcases,Nick Crecia
2025-11-01,78.82,15.48,West,Office Supplies,Appliances,Georgia Nippi
2023-11-26,569.88,217.1,East,Technology,Copiers,Harold Ryan
2025-05-15,634.01,-1.36,Central,Furniture,Chairs,Toby Swindell
2025-02-12,225.79,48.6,West,Technology,Phones,Irene Maddox
2024-01-27,78.79,1.53,East,Furniture,Chairs,Emily Burns
2024-09-28,116.45,25.79,East,Office Supplies,Labels,Nick Crecia
2023-11-03,499.36,105.44,Central,Furniture,Furnishings,Albert Patina
2025-06-13,145.35,1.13,South,Furniture,Furnishings,Pete Kaisen
2024-10-13,619.64,150.23,West,Furniture,Furnishings,Claire Gute
2025-04-20,280.93,43.15,Central,Furniture,Furnishings,Sandra Flanagan
2025-10-22,10.49,2.13,West,Office Supplies,Art,Valerie Mitchum
2024-06-03,166.12,40.4,East,Office Supplies,Supplies,Yoseph Carroll
2024-09-27,55.69,4.49,East,Office Supplies,Storage,Paul Prost
2025-01-09,128.02,38.84,South,Office Supplies,Supplies,Lena Creighton
2024-04-13,54.14,4.49,East,Furniture,Furnishings,Valerie Mitchum
2023-07-31,69.36,23.99,East,Office Supplies,Envelopes,Ryan Crowe
2025-10-28,2310.44,-146.96,Central,Furniture,Tables,Ryan Crowe
2025-03-14,221.09,114.26,West,Technology,Copiers,Ken Black
2024-04-21,315.85,91.57,West,Office Supplies,Fasteners,Maria Etezadi
2025-05-23,9.64,2.13,Central,Technology,Accessories,Georgia Nippi
2024-04-04,19.29,2.47,South,Office Supplies,Art,Nick Crecia
2023-09-10,294.32,6.53,West,Furniture,Furnishings,Sandra Flanagan
2025-01-21,154.36,29.36,East,Office Supplies,Art,Toby Swindell
2025-09-07,211.29,25.78,West,Office Supplies,Fasteners,Toby Swindell
2025-05-03,40.25,12.81,East,Office Supplies,Paper,Alejandro Grove
2023-08-24,120.53,25.64,South,Office Supplies,Labels,Valerie Mitchum
2024-04-22,205.47,70.59,Central,Office Supplies,Binders,Maria Etezadi
2024-11-09,838.49,429.31,West,Technology,Copiers,Paul Prost
2025-11-09,100.71,7.28,Central,Furniture,Furnishings,Emily Burns
2023-08-04,1135.66,490.0,West,Technology,Phones,Ken Black
2025-05-04,174.12,35.08,East,Office Supplies,Paper,Maria Etezadi
2023-05-15,608.24,124.59,Central,Furniture,Bookcases,John Lee
2025-06-23,201.27,31.69,West,Office Supplies,Envelopes,Arthur Prichep
2024-02-14,352.46,81.96,East,Technology,Phones,Gary Hansen
2023-03-27,45.25,11.15,Central,Technology,Phones,Pete Kaisen
2024-07-09,71.82,15.37,Central,Office Supplies,Appliances,Zusha Benson
2024-01-13,1424.99,418.55,West,Technology,Machines,Bobby Osgood
2025-12-10,249.53,68.31,West,Technology,Machines,Joel Eaton
2023-08-30,105.92,43.55,West,Technology,Copiers,Ryan Crowe
2025-07-08,64.2,21.07,East,Office Supplies,Supplies,Claire Gute
2023-09-23,42.35,9.6,West,Office Supplies,Art,Zusha Benson
2024-12-12,1268.97,16.62,Central,Furniture,Chairs,Alejandro Grove
2023-03-11,308.71,101.23,Central,Technology,Accessories,Sandra Flanagan
2023-02-26,398.48,62.64,West,Furniture,Chairs,Irene Maddox
2023-02-08,14.5,4.9,West,Office Supplies,Paper,Gary Hansen
2025-03-11,193.06,38.59,South,Office Supplies,Supplies,Claire Gute
2025-11-07,680.85,253.56,Central,Technology,Copiers,Claire Gute
2025-01-01,2116.41,538.14,East,Technology,Machines,Joel Eaton
2025-04-04,228.8,61.24,South,Technology,Phones,Eric Hoffmann
2025-01-25,66.51,21.22,West,Office Supplies,Supplies,Alejandro Grove
2023-12-18,114.79,19.34,West,Office Supplies,Fasteners,Eric Hoffmann
2023-10-10,586.38,254.29,Central,Technology,Accessories,John Lee
2023-04-20,1117.66,301.54,West,Technology,Machines,Gary Hansen
2025-10-13,898.76,489.6,East,Technology,Copiers,Linda Cazzolari
2024-06-27,46.3,2.43,Central,Office Supplies,Labels,Alejandro Grove
2023-01-25,824.08,436.57,West,Technology,Copiers,Harold Ryan
2025-04-22,213.11,70.18,Central,Office Supplies,Envelopes,Brosina Hoffman
2025-03-01,62.25,21.06,West,Office Supplies,Paper,Georgia Nippi
2025-01-07,326.33,-47.24,West,Furniture,Bookcases,Albert Patina
2023-02-26,214.62,82.49,West,Technology,Copiers,Sandra Flanagan
2023-06-29,49.9,16.41,East,Technology,Accessories,Paul Prost
2023-08-20,8.94,0.52,East,Office Supplies,Labels,Gary Hansen
2023-12-09,55.37,3.83,Central,Office Supplies,Supplies,Linda Cazzolari
2024-04-21,126.11,14.67,West,Office Supplies,Paper,Linda Cazzolari
2024-07-29,5.24,0.29,West,Furniture,Furnishings,Alejandro Grove
2024-03-30,317.13,145.62,East,Technology,Copiers,Maria Etezadi
2023-10-16,324.81,19.58,West,Office Supplies,Supplies,Georgia Nippi
2023-09-15,140.08,14.16,East,Office Supplies,Supplies,Linda Cazzolari
2024-06-13,409.78,112.65,West,Technology,Phones,Harold Ryan
2024-11-17,82.47,18.82,Central,Office Supplies,Envelopes,Linda Cazzolari
2025-07-17,174.27,16.47,West,Office Supplies,Envelopes,Albert Patina
2023-08-17,36.6,6.21,West,Office Supplies,Appliances,Tracy Blumstein
2024-08-18,261.18,83.92,South,Office Supplies,Appliances,Georgia Nippi
2024-03-10,23.61,8.26,East,Office Supplies,Art,Harold Ryan
2025-05-31,165.07,57.14,West,Office Supplies,Storage,Brosina Hoffman
2025-10-17,225.45,92.12,West,Technology,Phones,Tracy Blumstein
2024-02-06,346.32,2.72,South,Furniture,Bookcases,Tracy Blumstein
2024-09-13,124.7,31.92,South,Office Supplies,Paper,Gary Hansen
2023-03-29,709.11,174.3,East,Technology,Machines,Sandra Flanagan
2024-08-06,213.98,-12.45,South,Furniture,Tables,Toby Swindell
2023-11-05,320.18,-8.4,Central,Furniture,Bookcases,Gary Hansen
2025-06-24,1090.81,100.88,South,Furniture,Chairs,Alejandro Grove
2023-12-09,266.96,55.29,Central,Office Supplies,Labels,Toby Swindell
2024-03-11,14.28,0.82,East,Office Supplies,Paper,Nick Crecia
2023-06-26,195.49,73.65,East,Technology,Phones,Georgia Nippi
2023-05-19,2797.64,985.83,East,Technology,Copiers,Linda Cazzolari
2023-07-13,109.89,22.26,East,Technology,Accessories,John Lee
2025-07-31,167.76,8.69,East,Office Supplies,Appliances,Arthur Prichep
2024-06-08,370.59,60.35,Central,Office Supplies,Appliances,Brosina Hoffman
2025-12-01,315.48,38.52,Central,Technology,Accessories,Valerie Mitchum
2025-07-03,109.52,35.49,East,Office Supplies,Paper,Harold Ryan
2023-07-29,91.34,15.96,South,Office Supplies,Storage,Irene Maddox
2025-01-10,67.26,12.63,West,Office Supplies,Appliances,Alejandro Grove
2025-05-11,195.42,30.28,East,Office Supplies,Storage,Maria Etezadi
2025-08-11,402.14,128.53,South,Technology,Machines,Linda Cazzolari
2025-04-12,48.13,13.73,West,Office Supplies,Paper,Zusha Benson
2023-05-20,71.07,7.77,East,Furniture,Furnishings,Joel Eaton
2025-03-02,34.26,9.4,East,Office Supplies,Binders,Pete Kaisen
2024-06-29,183.18,58.95,Central,Office Supplies,Labels,Maria Etezadi
2025-10-13,148.66,45.95,West,Office Supplies,Appliances,Gary Hansen
2023-02-26,103.92,26.21,West,Office Supplies,Fasteners,Irene Maddox
2023-04-22,443.84,174.4,South,Technology,Copiers,Maria Etezadi
2023-01-05,1331.67,139.93,Central,Furniture,Chairs,Bobby Osgood
2025-11-02,9.43,1.9,Central,Office Supplies,Storage,Harold Ryan
2023-03-31,224.87,59.63,Central,Office Supplies,Envelopes,Harold Ryan
2024-09-07,534.73,209.36,Central,Technology,Phones,Nick Crecia
2025-06-09,148.77,53.55,West,Technology,Phones,Stewart Rivera
2024-11-28,472.47,187.24,West,Technology,Phones,Stewart Rivera
2025-06-16,438.61,30.33,East,Office Supplies,Fasteners,Andrew Allen
2025-08-28,40.79,2.43,East,Office Supplies,Storage,Linda Cazzolari
2024-10-29,395.88,75.41,Central,Technology,Phones,Joel Eaton
2024-08-16,266.81,56.1,Central,Furniture,Chairs,Tracy Blumstein
2024-08-11,49.84,14.81,Central,Office Supplies,Art,Tracy Blumstein
2024-04-29,261.05,66.52,East,Office Supplies,Envelopes,Georgia Nippi
2025-09-08,2367.4,-82.05,South,Furniture,Tables,Ken Black
2025-08-29,233.44,62.56,South,Office Supplies,Storage,Ryan Crowe
2024-09-30,146.25,33.2,East,Furniture,Bookcases,Zusha Benson
2025-09-23,127.68,49.96,East,Technology,Machines,Gary Hansen
2023-10-09,144.5,34.25,East,Office Supplies,Supplies,Yoseph Carroll
2025-09-12,13.82,3.45,East,Office Supplies,Appliances,Lena Creighton
2023-01-16,172.59,19.7,East,Office Supplies,Appliances,Gary Hansen
2025-07-24,118.39,29.27,East,Office Supplies,Labels,Ryan Crowe
2023-09-11,168.06,29.81,Central,Office Supplies,Binders,Brosina Hoffman
2023-11-25,1001.02,153.69,Central,Technology,Machines,Linda Cazzolari
2024-06-27,87.41,15.08,Central,Furniture,Furnishings,Brosina Hoffman
2025-02-21,262.84,118.82,Central,Technology,Copiers,Yoseph Carroll
2025-09-23,114.71,50.71,East,Technology,Phones,Bobby Osgood
2025-04-24,116.51,15.67,South,Office Supplies,Art,Andrew Allen
2024-01-01,163.28,31.71,West,Office Supplies,Fasteners,Brosina Hoffman
2024-10-16,1661.28,730.3,East,Technology,Copiers,Maria Etezadi
2025-01-29,223.62,-22.74,West,Furniture,Furnishings,Albert Patina
2024-09-30,545.07,96.93,South,Office Supplies,Fasteners,Ryan Crowe
2025-11-29,220.63,89.91,Central,Technology,Copiers,Sandra Flanagan
2025-07-12,16.06,1.58,South,Office Supplies,Storage,Arthur Prichep
2024-02-20,68.62,9.24,East,Office Supplies,Binders,Toby Swindell
2023-09-12,208.97,25.07,Central,Office Supplies,Labels,Toby Swindell
2024-12-10,682.63,339.14,East,Technology,Copiers,Linda Cazzolari
2024-07-30,689.15,-94.89,Central,Furniture,Bookcases,Ken Black
2025-06-18,124.55,29.3,West,Office Supplies,Binders,Lena Creighton
2023-01-11,403.44,112.24,West,Office Supplies,Appliances,Stewart Rivera
2023-01-26,2860.96,767.46,West,Technology,Machines,Claire Gute
2025-08-14,15.77,5.2,South,Office Supplies,Fasteners,Brosina Hoffman
2024-02-25,529.06,183.98,East,Technology,Machines,Andrew Allen
2024-05-10,146.12,40.09,South,Office Supplies,Paper,Georgia Nippi
2023-08-25,85.59,14.46,West,Technology,Phones,Harold Ryan
2025-10-05,83.4,23.62,East,Office Supplies,Art,Maria Etezadi
2023-08-07,389.32,71.18,West,Furniture,Bookcases,Tracy Blumstein
2024-04-05,172.51,-0.95,South,Furniture,Chairs,Irene Maddox
2024-10-24,1117.38,438.76,South,Technology,Copiers,Albert Patina
2024-09-26,848.34,-149.92,South,Furniture,Tables,Gary Hansen
2025-09-16,19.23,5.23,West,Office Supplies,Paper,Gary Hansen
2023-07-08,108.23,18.97,East,Office Supplies,Envelopes,Paul Prost
2023-09-12,202.7,29.32,East,Furniture,Chairs,Andrew Allen
2023-03-09,716.68,-74.95,West,Furniture,Chairs,Sandra Flanagan
2024-09-07,36.53,10.66,East,Office Supplies,Supplies,Nick Crecia
2023-12-02,339.17,42.72,West,Office Supplies,Art,Albert Patina
2024-11-01,89.57,11.17,East,Office Supplies,Envelopes,Valerie Mitchum
2025-03-31,230.67,-19.45,Central,Furniture,Tables,Albert Patina
2025-05-23,146.34,-17.85,Central,Furniture,Bookcases,Paul Prost
2023-10-27,83.83,4.85,South,Office Supplies,Paper,Andrew Allen
2023-12-23,89.03,17.04,Central,Technology,Accessories,Georgia Nippi
2023-09-13,137.12,28.99,Central,Office Supplies,Binders,Maria Etezadi
2025-10-04,866.8,50.64,Central,Furniture,Tables,Valerie Mitchum
2023-12-19,29.34,8.92,West,Office Supplies,Supplies,Georgia Nippi
2024-06-07,87.82,39.35,Central,Technology,Copiers,Pete Kaisen
2025-08-07,201.08,12.29,Central,Office Supplies,Envelopes,Brosina Hoffman
2025-01-25,470.1,30.13,South,Furniture,Chairs,Alejandro Grove
2023-10-11,71.71,18.75,Central,Office Supplies,Binders,Sandra Flanagan
2023-04-09,252.82,55.29,Central,Technology,Accessories,Arthur Prichep
2023-07-16,78.67,6.55,East,Office Supplies,Labels,Gary Hansen
2024-04-26,243.42,32.51,South,Office Supplies,Appliances,Lena Creighton
2025-05-27,59.74,16.82,South,Office Supplies,Paper,Emily Burns
2024-09-06,16.35,2.54,South,Office Supplies,Appliances,Ken Black
2024-09-09,409.65,120.27,South,Office Supplies,Envelopes,Georgia Nippi
2024-01-03,80.27,11.71,South,Office Supplies,Labels,Pete Kaisen
2024-07-23,1728.72,661.6,South,Technology,Copiers,Sandra Flanagan
2024-08-12,54.1,9.78,West,Office Supplies,Labels,Ken Black
2025-12-01,160.92,4.97,Central,Furniture,Furnishings,Arthur Prichep
2024-02-26,2256.29,796.97,South,Technology,Copiers,Ryan Crowe
2025-04-15,73.87,27.58,Central,Technology,Copiers,Yoseph Carroll
2024-06-28,1209.45,-322.66,Central,Furniture,Tables,Ken Black
2023-03-12,132.06,11.1,West,Office Supplies,Envelopes,Eric Hoffmann
2025-02-06,145.27,22.15,South,Office Supplies,Fasteners,Toby Swindell
2023-11-03,116.09,39.4,East,Office Supplies,Appliances,Joel Eaton
2024-01-12,740.24,39.74,West,Furniture,Chairs,Albert Patina
2024-10-16,52.97,-3.58,East,Furniture,Tables,Brosina Hoffman
2024-11-08,50.37,11.32,Central,Technology,Accessories,Paul Prost
2024-02-03,492.68,-10.15,Central,Furniture,Bookcases,Eric Hoffmann
2023-08-09,214.36,-30.17,West,Furniture,Furnishings,Harold Ryan
2023-07-01,22.68,6.24,West,Technology,Phones,Stewart Rivera
2023-11-03,370.7,99.82,East,Technology,Phones,Stewart Rivera
2024-06-05,118.12,11.5,South,Office Supplies,Fasteners,Irene Maddox
2025-10-10,81.84,22.86,East,Office Supplies,Paper,John Lee
2023-01-04,57.94,11.46,West,Office Supplies,Binders,Toby Swindell
2025-05-12,176.73,26.81,East,Office Supplies,Envelopes,Ken Black
2025-04-27,39.94,3.76,West,Office Supplies,Art,Valerie Mitchum
2025-03-14,1785.56,-181.28,East,Furniture,Tables,Pete Kaisen
2023-08-03,248.71,68.61,West,Office Supplies,Supplies,Lena Creighton
2025-08-29,85.49,11.51,West,Office Supplies,Art,Paul Prost
2023-04-11,55.02,9.72,West,Technology,Accessories,Georgia Nippi
2025-08-20,55.09,3.24,South,Furniture,Furnishings,Zusha Benson
2024-07-26,103.75,10.02,East,Office Supplies,Appliances,Irene Maddox
2024-10-19,362.16,42.24,East,Furniture,Chairs,Paul Prost
2025-07-27,71.68,16.6,East,Office Supplies,Paper,Harold Ryan
2025-12-22,146.26,11.13,West,Office Supplies,Paper,Arthur Prichep
2023-08-14,442.27,49.88,East,Technology,Machines,Maria Etezadi
2023-04-15,90.4,8.87,East,Furniture,Bookcases,Toby Swindell
2025-02-10,15.25,-0.49,West,Furniture,Bookcases,Tracy Blumstein
2024-03-04,18.28,6.71,Central,Technology,Copiers,Ryan Crowe
2024-03-09,43.66,15.97,West,Technology,Accessories,Andrew Allen
2025-11-17,83.23,12.0,East,Office Supplies,Binders,Toby Swindell
2024-11-12,963.74,251.4,West,Technology,Phones,Zusha Benson
2024-08-10,417.63,-23.08,Central,Furniture,Bookcases,Harold Ryan
2025-12-28,339.81,108.59,West,Technology,Machines,Eric Hoffmann
2025-05-15,47.06,6.61,East,Office Supplies,Binders,Stewart Rivera
2025-01-15,185.57,81.43,Central,Technology,Machines,Gary Hansen
2025-05-13,496.17,-16.71,South,Furniture,Tables,Sandra Flanagan
2024-01-03,108.43,9.87,East,Office Supplies,Envelopes,Maria Etezadi
2023-09-08,91.62,16.03,Central,Office Supplies,Envelopes,Emily Burns
2025-05-08,41.94,9.85,Central,Technology,Accessories,Irene Maddox
2025-05-05,25.97,5.46,South,Office Supplies,Labels,Eric Hoffmann
2024-07-14,24.37,4.55,West,Furniture,Bookcases,Bobby Osgood
2023-10-21,117.14,9.77,West,Furniture,Bookcases,Harold Ryan
2025-07-07,698.47,84.9,East,Technology,Phones,Albert Patina
2024-03-08,359.45,172.93,South,Technology,Copiers,Arthur Prichep
2023-02-28,99.84,5.24,West,Office Supplies,Envelopes,Nick Crecia
2025-08-26,1015.41,1.0,South,Furniture,Tables,Brosina Hoffman
2025-04-15,1073.0,125.17,West,Furniture,Bookcases,Eric Hoffmann
2023-07-18,334.54,47.72,Central,Office Supplies,Supplies,Lena Creighton
2023-08-03,210.41,28.98,West,Office Supplies,Envelopes,Lena Creighton
2025-06-16,39.93,15.15,South,Technology,Machines,Linda Cazzolari
2024-04-16,133.37,38.01,Central,Office Supplies,Storage,Andrew Allen
2023-09-04,1031.56,230.35,Central,Technology,Machines,Andrew Allen
2024-01-17,7.62,1.06,Central,Office Supplies,Storage,Linda Cazzolari
2025-09-17,124.67,27.17,South,Office Supplies,Binders,Emily Burns
2025-07-15,297.54,15.62,East,Office Supplies,Art,Yoseph Carroll
2024-07-13,101.4,13.07,East,Technology,Accessories,Irene Maddox
2025-12-10,5.62,0.81,East,Technology,Accessories,Alejandro Grove
2024-11-19,27.07,10.48,South,Technology,Copiers,Arthur Prichep
2024-01-15,85.84,23.97,Central,Technology,Accessories,Harold Ryan
2024-04-18,182.13,99.89,East,Technology,Copiers,Brosina Hoffman
2024-11-27,168.8,41.49,South,Office Supplies,Supplies,Alejandro Grove
2025-06-29,524.39,63.69,East,Technology,Phones,Claire Gute
2025-08-17,252.19,71.61,West,Technology,Machines,Bobby Osgood
2024-04-22,334.1,66.48,East,Office Supplies,Envelopes,Alejandro Grove
2025-09-30,359.0,-33.15,East,Furniture,Chairs,Albert Patina
2025-07-14,28.12,9.17,Central,Office Supplies,Appliances,Zusha Benson
2024-12-07,1114.13,488.16,South,Technology,Copiers,Lena Creighton
2025-05-03,1322.53,129.01,Central,Furniture,Tables,Georgia Nippi
2025-10-13,157.95,39.02,Central,Technology,Accessories,Nick Crecia
2025-01-23,1151.43,360.15,Central,Technology,Phones,Eric Hoffmann
2024-05-17,205.55,16.74,Central,Office Supplies,Appliances,Brosina Hoffman
2025-03-27,713.75,184.85,Central,Technology,Phones,Emily Burns
2024-08-10,314.49,-17.14,East,Furniture,Bookcases,Valerie Mitchum
2024-12-08,211.51,38.97,Central,Furniture,Furnishings,Ryan Crowe
2025-12-03,2578.97,421.84,Central,Furniture,Chairs,Zusha Benson
2023-07-26,198.61,59.04,South,Office Supplies,Art,Tracy Blumstein
2023-05-31,148.57,73.5,West,Technology,Copiers,Claire Gute
2024-10-29,114.57,34.35,East,Office Supplies,Envelopes,Stewart Rivera
2024-06-11,137.77,15.19,East,Office Supplies,Storage,Linda Cazzolari
2023-06-14,33.71,6.26,East,Office Supplies,Art,Nick Crecia
2025-07-05,499.09,128.54,Central,Office Supplies,Fasteners,Emily Burns
2025-10-06,33.96,10.97,Central,Technology,Accessories,Emily Burns
2023-02-06,146.49,-4.05,Central,Furniture,Tables,Zusha Benson
2023-11-29,375.06,66.94,South,Technology,Accessories,Eric Hoffmann
2024-02-07,98.88,7.86,West,Office Supplies,Supplies,Yoseph Carroll
2024-02-18,14.79,4.81,Central,Office Supplies,Paper,Toby Swindell
2023-02-14,525.86,155.69,West,Technology,Phones,Gary Hansen
2023-07-25,143.13,13.76,South,Office Supplies,Appliances,Irene Maddox
2023-03-03,87.12,44.32,East,Technology,Copiers,Gary Hansen
2024-02-24,544.16,176.57,Central,Office Supplies,Paper,Bobby Osgood
2025-05-17,241.28,-19.83,West,Furniture,Chairs,Zusha Benson
2025-03-30,128.08,37.81,West,Office Supplies,Appliances,Paul Prost
2023-01-19,115.13,37.99,Central,Office Supplies,Storage,Joel Eaton
2023-12-31,301.97,68.05,East,Furniture,Chairs,Valerie Mitchum
2025-10-27,51.04,21.43,East,Technology,Accessories,Pete Kaisen
2024-03-03,305.14,88.87,East,Technology,Machines,Georgia Nippi
2024-08-02,438.86,98.6,South,Technology,Phones,Arthur Prichep
2024-06-29,861.22,88.31,West,Technology,Phones,Albert Patina
2023-11-21,12.67,0.87,West,Office Supplies,Envelopes,Gary Hansen
2023-02-24,143.73,25.68,West,Office Supplies,Envelopes,Joel Eaton
2025-02-16,684.51,6.66,South,Furniture,Chairs,Eric Hoffmann
2025-09-18,30.6,5.04,West,Technology,Accessories,Tracy Blumstein
2023-02-11,7.27,1.23,South,Office Supplies,Binders,Eric Hoffmann
2023-08-19,61.25,6.27,East,Office Supplies,Envelopes,Joel Eaton
2024-03-28,138.06,54.82,Central,Technology,Accessories,Tracy Blumstein
2024-01-29,27.32,3.81,West,Office Supplies,Storage,Maria Etezadi
2024-11-21,414.01,-33.39,West,Furniture,Tables,Paul Prost
2024-01-27,721.46,325.07,East,Technology,Copiers,Zusha Benson
2024-08-26,478.75,-61.88,Central,Furniture,Chairs,Emily Burns
2025-05-30,183.77,41.7,South,Furniture,Bookcases,Joel Eaton
2023-03-26,188.69,53.69,Central,Technology,Phones,Tracy Blumstein
2025-11-19,230.99,34.08,East,Office Supplies,Appliances,Brosina Hoffman
2023-02-18,430.08,41.91,East,Office Supplies,Supplies,Bobby Osgood
2023-03-10,301.95,45.76,Central,Office Supplies,Storage,Albert Patina
2025-12-17,856.21,-291.77,South,Furniture,Tables,Pete Kaisen
2024-11-27,529.65,-98.73,South,Furniture,Tables,Eric Hoffmann
2024-04-23,65.74,13.77,West,Office Supplies,Paper,Brosina Hoffman
2025-03-30,97.53,19.38,South,Furniture,Bookcases,Lena Creighton
2023-05-27,83.83,28.55,Central,Technology,Phones,Lena Creighton
2025-10-12,624.82,-65.84,East,Furniture,Chairs,John Lee
2024-08-31,50.12,4.73,West,Office Supplies,Binders,John Lee
2024-03-21,324.81,-51.11,West,Furniture,Tables,Alejandro Grove
2023-08-09,2081.49,350.73,East,Technology,Phones,Georgia Nippi
2023-04-05,36.22,2.11,South,Office Supplies,Fasteners,Ken Black
2023-09-19,209.92,107.27,East,Technology,Copiers,Zusha Benson
2025-06-15,52.88,5.65,South,Technology,Phones,Linda Cazzolari
2025-12-30,294.5,115.07,East,Technology,Phones,Paul Prost
2023-08-07,377.12,-34.83,Central,Furniture,Bookcases,Pete Kaisen
2023-04-02,73.17,25.05,South,Office Supplies,Appliances,Ryan Crowe
2023-05-07,430.75,39.43,Central,Furniture,Bookcases,Joel Eaton
2023-03-21,890.72,318.2,West,Technology,Machines,Eric Hoffmann
2025-09-09,260.65,21.67,East,Office Supplies,Paper,Stewart Rivera
2025-07-04,480.2,148.2,West,Office Supplies,Supplies,Alejandro Grove
2024-04-30,265.82,80.21,West,Office Supplies,Art,Nick Crecia
2024-11-24,685.48,329.44,West,Technology,Copiers,Lena Creighton
2023-01-25,189.55,-23.5,West,Furniture,Tables,Albert Patina
2023-06-05,20.76,5.53,East,Office Supplies,Binders,Linda Cazzolari
2024-09-23,13.41,0.69,West,Office Supplies,Fasteners,Yoseph Carroll
2025-12-16,540.27,253.11,East,Technology,Copiers,Stewart Rivera
2023-01-19,501.67,198.96,East,Technology,Phones,Brosina Hoffman
2023-08-25,111.6,-0.81,Central,Furniture,Furnishings,John Lee
2023-10-04,13.44,1.11,South,Office Supplies,Storage,Nick Crecia
2025-01-14,120.01,2.2,South,Furniture,Furnishings,Maria Etezadi
2024-07-05,416.74,58.69,East,Furniture,Furnishings,Albert Patina
2024-09-30,504.89,69.45,Central,Technology,Phones,Harold Ryan
2023-08-25,253.66,28.36,East,Office Supplies,Binders,Joel Eaton
2025-09-24,246.53,23.24,East,Office Supplies,Labels,Ryan Crowe
2023-02-24,408.52,68.95,East,Furniture,Furnishings,Lena Creighton
2024-11-14,225.6,15.54,Central,Office Supplies,Binders,Gary Hansen
2023-04-19,211.57,54.16,South,Office Supplies,Envelopes,Gary Hansen
2024-01-08,321.97,136.29,Central,Technology,Copiers,Albert Patina
2025-08-30,31.84,4.85,West,Furniture,Bookcases,Eric Hoffmann
2023-07-20,843.25,368.95,Central,Technology,Machines,Ryan Crowe
2025-04-28,24.93,2.1,Central,Office Supplies,Fasteners,Valerie Mitchum
2024-05-23,496.3,71.62,Central,Office Supplies,Storage,Georgia Nippi
2023-10-02,56.36,16.52,Central,Office Supplies,Envelopes,Andrew Allen
2023-07-30,292.54,37.99,South,Office Supplies,Paper,Ken Black
2024-05-18,269.42,-17.23,West,Furniture,Bookcases,Alejandro Grove
2024-12-03,63.56,18.92,South,Office Supplies,Fasteners,Pete Kaisen
2023-02-11,1057.02,258.79,South,Furniture,Bookcases,Maria Etezadi
2023-11-11,72.72,21.45,Central,Technology,Accessories,Nick Crecia
2025-02-26,79.22,10.57,East,Office Supplies,Fasteners,Nick Crecia
2023-11-25,21.82,3.7,East,Office Supplies,Storage,Nick Crecia
2025-11-06,171.5,-14.05,South,Furniture,Furnishings,Gary Hansen
2023-10-10,56.13,15.64,South,Office Supplies,Paper,Sandra Flanagan
2025-07-31,137.14,38.68,Central,Office Supplies,Supplies,Ken Black
2023-09-15,469.36,190.7,South,Technology,Phones,Gary Hansen
2024-07-28,195.52,11.34,Central,Office Supplies,Envelopes,Zusha Benson
2024-07-27,1640.31,758.47,East,Technology,Copiers,Tracy Blumstein
2024-09-03,300.14,52.52,East,Technology,Phones,Sandra Flanagan
2025-11-08,273.72,114.46,West,Technology,Copiers,Valerie Mitchum
2025-04-16,277.52,79.23,East,Office Supplies,Paper,Ryan Crowe
2024-02-27,60.63,6.52,South,Office Supplies,Paper,Georgia Nippi
2025-01-27,111.24,35.98,East,Technology,Accessories,Paul Prost
2025-02-01,315.83,35.32,Central,Furniture,Chairs,Lena Creighton
2024-02-28,294.73,99.1,East,Office Supplies,Supplies,Linda Cazzolari
2024-03-04,89.82,33.35,West,Technology,Accessories,Toby Swindell
2023-07-23,78.19,22.76,East,Office Supplies,Fasteners,Linda Cazzolari
2023-07-15,180.59,37.83,Central,Office Supplies,Art,Arthur Prichep
2024-12-28,143.36,-10.79,Central,Furniture,Furnishings,Andrew Allen
2023-10-12,22.02,3.91,South,Office Supplies,Envelopes,John Lee
2023-07-15,111.44,7.78,East,Furniture,Furnishings,Sandra Flanagan
2023-11-03,204.47,51.84,Central,Office Supplies,Fasteners,Irene Maddox
2023-01-14,730.66,169.74,West,Office Supplies,Appliances,Maria Etezadi
2025-12-16,153.79,25.87,South,Office Supplies,Binders,Albert Patina
2024-12-23,447.64,86.33,West,Technology,Machines,Andrew Allen
2025-02-18,43.46,4.37,East,Office Supplies,Art,Valerie Mitchum
2024-06-12,554.22,70.68,East,Furniture,Bookcases,Alejandro Grove
2025-03-08,1511.34,492.53,East,Technology,Machines,Toby Swindell
2023-12-10,44.97,15.32,South,Technology,Accessories,Gary Hansen
2023-07-28,38.59,6.24,Central,Office Supplies,Binders,Ryan Crowe
2024-10-02,532.03,-23.96,South,Furniture,Bookcases,Irene Maddox
2023-09-09,61.74,17.16,West,Office Supplies,Envelopes,Paul Prost
2023-09-28,59.88,16.89,South,Office Supplies,Supplies,Zusha Benson
2025-07-08,108.38,28.12,West,Technology,Phones,Albert Patina
2024-02-23,50.97,11.91,South,Office Supplies,Appliances,Tracy Blumstein
2025-03-05,88.66,20.46,Central,Technology,Accessories,Eric Hoffmann
2024-12-25,202.99,52.9,West,Office Supplies,Labels,Ken Black
2024-03-08,66.49,19.99,East,Office Supplies,Envelopes,Georgia Nippi
2023-04-19,366.12,-14.75,East,Furniture,Tables,Bobby Osgood
2024-10-02,55.3,11.27,South,Office Supplies,Appliances,Valerie Mitchum
2025-12-06,438.71,-63.0,East,Furniture,Tables,Toby Swindell
2024-01-14,111.25,11.9,West,Furniture,Bookcases,Irene Maddox
2025-08-15,104.72,26.59,East,Office Supplies,Paper,Toby Swindell
2023-04-13,536.15,39.4,Central,Furniture,Bookcases,Brosina Hoffman
2025-06-10,19.86,1.99,Central,Furniture,Bookcases,Gary Hansen
2025-05-03,6.47,-0.72,South,Furniture,Furnishings,Andrew Allen
2025-11-16,16.71,5.61,West,Office Supplies,Envelopes,Gary Hansen
2024-06-13,120.07,19.97,Central,Furniture,Furnishings,Tracy Blumstein
2024-11-09,862.88,199.22,Central,Technology,Phones,Bobby Osgood
2025-09-15,5.73,1.25,West,Office Supplies,Paper,Yoseph Carroll
2024-03-03,418.89,26.89,East,Office Supplies,Envelopes,Georgia Nippi
2025-04-01,21.85,2.5,East,Technology,Accessories,Eric Hoffmann
2025-07-20,1001.32,188.03,South,Technology,Phones,John Lee
2025-11-27,326.59,111.5,East,Technology,Machines,Irene Maddox
2024-05-25,512.46,97.81,West,Furniture,Chairs,Nick Crecia
2024-01-28,266.39,19.63,Central,Furniture,Chairs,Zusha Benson
2024-12-13,102.24,21.43,East,Office Supplies,Paper,Bobby Osgood
2024-05-08,275.18,46.97,South,Office Supplies,Art,Toby Swindell
2024-06-30,216.52,21.32,East,Office Supplies,Binders,Bobby Osgood
2024-08-16,232.26,-23.84,West,Furniture,Bookcases,Joel Eaton
2024-01-24,22.76,6.33,South,Office Supplies,Storage,Harold Ryan
2023-06-07,58.05,12.83,East,Furniture,Chairs,Andrew Allen
2025-10-24,247.57,46.42,South,Office Supplies,Appliances,Pete Kaisen
2023-06-16,118.06,29.26,West,Office Supplies,Storage,Alejandro Grove
2025-08-17,487.72,259.9,Central,Technology,Copiers,Albert Patina
2024-02-13,176.18,13.57,West,Office Supplies,Appliances,Stewart Rivera
2023-07-13,1069.46,169.18,West,Furniture,Chairs,Irene Maddox
2023-08-23,153.68,36.12,West,Office Supplies,Paper,Alejandro Grove
2024-12-18,966.03,299.01,West,Technology,Machines,Andrew Allen
2025-03-26,1482.45,300.03,Central,Technology,Machines,Paul Prost
2024-02-08,71.07,18.13,Central,Office Supplies,Fasteners,Georgia Nippi
2025-06-11,53.05,20.06,South,Technology,Accessories,Yoseph Carroll
2024-11-08,247.29,20.74,East,Office Supplies,Labels,Zusha Benson
2023-03-09,131.91,37.82,Central,Technology,Phones,Pete Kaisen
2023-03-29,355.48,28.57,Central,Office Supplies,Art,Georgia Nippi
2023-08-05,15.84,4.94,East,Office Supplies,Appliances,Lena Creighton
2023-01-01,108.58,-13.2,Central,Furniture,Tables,Paul Prost
2023-05-20,1214.99,210.42,West,Furniture,Chairs,Alejandro Grove
2024-09-09,528.61,120.96,West,Technology,Phones,Toby Swindell
2023-05-13,343.99,129.0,East,Technology,Copiers,Andrew Allen
2023-06-27,216.01,-28.82,South,Furniture,Furnishings,Alejandro Grove
2025-03-20,172.36,23.17,South,Office Supplies,Labels,Bobby Osgood
2024-01-15,118.64,14.62,East,Office Supplies,Art,Bobby Osgood
2025-06-26,20.62,4.5,East,Office Supplies,Appliances,Gary Hansen
2024-10-19,255.84,14.46,West,Office Supplies,Paper,Andrew Allen
2024-03-25,306.51,63.19,South,Office Supplies,Labels,Emily Burns
2024-08-08,33.34,5.59,Central,Office Supplies,Paper,Ken Black
2024-04-07,733.97,221.65,West,Technology,Phones,Yoseph Carroll
2025-09-16,320.37,83.53,East,Office Supplies,Art,Yoseph Carroll
2023-05-02,124.59,29.93,South,Office Supplies,Supplies,Harold Ryan
2023-01-17,165.15,57.04,Central,Office Supplies,Envelopes,Harold Ryan
2023-11-23,318.17,120.16,Central,Technology,Copiers,Bobby Osgood
2023-11-14,209.38,4.58,West,Furniture,Chairs,Gary Hansen
2025-03-19,535.92,10.68,South,Furniture,Bookcases,Gary Hansen
2024-05-17,301.94,52.87,South,Office Supplies,Labels,Joel Eaton
2023-04-29,164.23,18.97,East,Furniture,Furnishings,Bobby Osgood
2024-12-10,346.03,15.89,South,Furniture,Chairs,Emily Burns
2023-02-14,30.96,6.35,South,Office Supplies,Envelopes,Andrew Allen
2023-11-10,44.17,11.1,West,Technology,Phones,Stewart Rivera
2024-02-22,93.51,23.07,South,Furniture,Furnishings,Stewart Rivera
2024-07-09,61.14,32.74,Central,Technology,Copiers,Irene Maddox
2023-11-22,131.36,18.69,West,Office Supplies,Paper,Bobby Osgood
2024-05-29,77.37,6.46,West,Office Supplies,Labels,Zusha Benson
2023-08-02,1434.43,565.05,East,Technology,Machines,Paul Prost
2023-03-15,59.72,20.85,South,Office Supplies,Storage,Lena Creighton
2024-05-23,139.83,28.3,East,Technology,Accessories,Irene Maddox
2023-11-28,120.73,19.0,Central,Office Supplies,Supplies,Alejandro Grove
2024-11-18,5.71,1.9,West,Office Supplies,Envelopes,Maria Etezadi
2024-10-18,16.27,4.28,West,Office Supplies,Supplies,Andrew Allen
2025-10-24,180.08,36.64,West,Technology,Phones,Toby Swindell
2024-08-22,325.86,73.09,Central,Office Supplies,Art,Ryan Crowe
2025-12-11,28.85,9.61,Central,Office Supplies,Labels,Pete Kaisen
2023-11-21,623.92,109.01,East,Furniture,Chairs,Georgia Nippi
2025-09-18,548.84,149.59,East,Office Supplies,Appliances,Eric Hoffmann
2024-12-17,1304.37,648.79,East,Technology,Copiers,Emily Burns
2024-12-23,46.75,4.83,South,Office Supplies,Labels,Eric Hoffmann
2023-10-04,893.22,347.14,West,Technology,Phones,Ken Black
2024-06-19,19.66,2.61,West,Office Supplies,Paper,Andrew Allen
2023-06-01,204.92,45.52,East,Furniture,Bookcases,Yoseph Carroll
2025-08-12,2370.41,539.56,West,Technology,Machines,Eric Hoffmann
2023-09-16,479.64,191.94,East,Technology,Phones,Paul Prost
2023-11-20,85.07,16.43,South,Technology,Accessories,Brosina Hoffman
2025-10-13,148.74,8.3,South,Furniture,Chairs,Joel Eaton
2025-05-18,75.52,-8.1,Central,Furniture,Furnishings,John Lee
2024-11-18,111.68,27.7,South,Office Supplies,Binders,Toby Swindell
2023-11-06,62.64,24.59,East,Technology,Accessories,Yoseph Carroll
2025-03-13,525.91,184.83,South,Technology,Accessories,John Lee
2025-12-15,410.63,84.99,Central,Office Supplies,Envelopes,Pete Kaisen
2024-09-11,1203.58,139.36,West,Technology,Phones,Nick Crecia
2024-04-17,87.18,28.77,East,Office Supplies,Paper,Bobby Osgood
2024-04-05,181.31,47.44,West,Office Supplies,Storage,Eric Hoffmann
2025-03-24,354.69,97.1,Central,Office Supplies,Storage,Pete Kaisen
2025-04-25,290.0,83.64,Central,Office Supplies,Appliances,Pete Kaisen
2024-10-28,85.25,23.39,Central,Office Supplies,Binders,Valerie Mitchum
2023-09-19,37.06,9.43,West,Technology,Phones,Arthur Prichep
2023-12-21,16.8,5.99,West,Technology,Accessories,Linda Cazzolari
2025-02-08,972.2,309.9,West,Technology,Machines,Albert Patina
2023-06-29,159.35,48.79,West,Office Supplies,Labels,Albert Patina
2023-03-07,2311.79,1180.15,Central,Technology,Copiers,Tracy Blumstein
2025-03-30,56.91,3.55,Central,Office Supplies,Envelopes,Ken Black
2023-06-20,32.49,5.32,East,Office Supplies,Storage,John Lee
2024-04-18,76.47,4.62,East,Office Supplies,Envelopes,Lena Creighton
2024-06-17,261.87,-28.59,West,Furniture,Bookcases,Arthur Prichep
2024-03-14,26.32,8.17,South,Technology,Accessories,Claire Gute
2025-04-14,172.34,53.8,South,Office Supplies,Fasteners,Lena Creighton
2023-08-15,111.6,9.59,Central,Office Supplies,Fasteners,Zusha Benson
2024-03-17,1386.09,610.18,Central,Technology,Copiers,John Lee
